,No.,Names,Party Name,	Constituency (State),profile Links
0,1,"A. Raja, Shri ",Dravida Munnetra Kazhagam,Nilgiris (SC)(Tamil Nadu),http://loksabhaph.nic.in/Members/MemberBioprofile.aspx?mpsno=344
1,2,"Abbaiah, Shri Narayana Swamy",Bharatiya Janata Party,Chitradurga (SC)(Karnataka),http://loksabhaph.nic.in/Members/MemberBioprofile.aspx?mpsno=5175
2,3,"Abdullah, Dr. Farooq",Jammu and Kashmir National Conference,Srinagar (Jammu and Kashmir),http://loksabhaph.nic.in/Members/MemberBioprofile.aspx?mpsno=2654
3,4,"Adhikari,Shri Deepak (Dev)",All India Trinamool Congress,Ghatal (West Bengal),http://loksabhaph.nic.in/Members/MemberBioprofile.aspx?mpsno=4847
4,5,"Adhikari, Shri Dibyendu",All India Trinamool Congress,Tamluk (West Bengal),http://loksabhaph.nic.in/Members/MemberBioprofile.aspx?mpsno=4939
5,6,"Adhikari,Shri Sisir Kumar",All India Trinamool Congress,Kanthi (West Bengal),http://loksabhaph.nic.in/Members/MemberBioprofile.aspx?mpsno=4502
6,7,Adv. A. M. Ariff,Communist Party of India (Marxist),Alappuzha (Kerala),http://loksabhaph.nic.in/Members/MemberBioprofile.aspx?mpsno=5121
7,8,"Agrawal,Shri Rajendra",Bharatiya Janata Party,Meerut (Uttar Pradesh),http://loksabhaph.nic.in/Members/MemberBioprofile.aspx?mpsno=4267
8,9,"Ahluwalia,Shri S.S.",Bharatiya Janata Party,Bardhaman-Durgapur (West Bengal),http://loksabhaph.nic.in/Members/MemberBioprofile.aspx?mpsno=4793
9,10,"Ahmed, Smt. Sajda",All India Trinamool Congress,Uluberia (West Bengal),http://loksabhaph.nic.in/Members/MemberBioprofile.aspx?mpsno=4944
10,11,"Ajgalley, Shri Guharam",Bharatiya Janata Party,Janjgir-Champa (SC)(Chhattisgarh),http://loksabhaph.nic.in/Members/MemberBioprofile.aspx?mpsno=4013
11,12,"Ajmal,Maulana Badruddin",All India United Democratic Front,Dhubri (Assam),http://loksabhaph.nic.in/Members/MemberBioprofile.aspx?mpsno=4436
12,13,"Ambareesh, Smt. Sumalatha",Independent,Mandya (Karnataka),http://loksabhaph.nic.in/Members/MemberBioprofile.aspx?mpsno=5180
13,14,"Angadi, Smt. Mangal Suresh",Bharatiya Janata Party,Belgaum (Karnataka),http://loksabhaph.nic.in/Members/MemberBioprofile.aspx?mpsno=5531
14,15,"Annadurai, Shri C.N.",Dravida Munnetra Kazhagam,Tiruvannamalai (Tamil Nadu),http://loksabhaph.nic.in/Members/MemberBioprofile.aspx?mpsno=4969
15,16,"Annpurna Devi, Smt.",Bharatiya Janata Party,Kodarma (Jharkhand),http://loksabhaph.nic.in/Members/MemberBioprofile.aspx?mpsno=5116
16,17,"Ansari, Shri Afzal",Bahujan Samaj Party,Ghazipur (Uttar Pradesh),http://loksabhaph.nic.in/Members/MemberBioprofile.aspx?mpsno=4170
17,18,"Antony,Shri Anto ",Indian National Congress,Pathanamthitta (Kerala),http://loksabhaph.nic.in/Members/MemberBioprofile.aspx?mpsno=4571
18,19,"Aujla, Shri Gurjeet Singh",Indian National Congress,Amritsar (Punjab),http://loksabhaph.nic.in/Members/MemberBioprofile.aspx?mpsno=4940
19,20,"Azad, Smt.Sangeeta",Bahujan Samaj Party,Lalganj (SC)(Uttar Pradesh),http://loksabhaph.nic.in/Members/MemberBioprofile.aspx?mpsno=5152
20,21,"B.N. , Shri Bache Gowda",Bharatiya Janata Party,Chikkballapur (Karnataka),http://loksabhaph.nic.in/Members/MemberBioprofile.aspx?mpsno=5173
21,22,"Baalu, Shri Thalikkottai Rajuthevar",Dravida Munnetra Kazhagam,Sriperumbudur (Tamil Nadu),http://loksabhaph.nic.in/Members/MemberBioprofile.aspx?mpsno=26
22,23,"Badal, Smt. Harsimrat Kaur",Shiromani Akali Dal,Bathinda (Punjab),http://loksabhaph.nic.in/Members/MemberBioprofile.aspx?mpsno=4433
23,24,"Badal, Shri Sukhbir Singh",Shiromani Akali Dal,Ferozpur (Punjab),http://loksabhaph.nic.in/Members/MemberBioprofile.aspx?mpsno=3652
24,25,"Baghel, Prof. S.P. Singh",Bharatiya Janata Party,Agra (SC)(Uttar Pradesh),http://loksabhaph.nic.in/Members/MemberBioprofile.aspx?mpsno=31
25,26,"Baghel, Shri Vijay",Bharatiya Janata Party,Durg (Chhattisgarh),http://loksabhaph.nic.in/Members/MemberBioprofile.aspx?mpsno=5007
26,27,"Baheria, Shri Subhash Chandra",Bharatiya Janata Party,Bhilwara (Rajasthan),http://loksabhaph.nic.in/Members/MemberBioprofile.aspx?mpsno=3654
27,28,"Baij, Shri Deepak",Indian National Congress,Bastar (ST)(Chhattisgarh),http://loksabhaph.nic.in/Members/MemberBioprofile.aspx?mpsno=5008
28,29,"Balyan, Dr. Sanjeev Kumar",Bharatiya Janata Party,Muzaffarnagar (Uttar Pradesh),http://loksabhaph.nic.in/Members/MemberBioprofile.aspx?mpsno=4921
29,30,"Bandi, Shri Sanjay Kumar",Bharatiya Janata Party,Karimnagar (Telangana),http://loksabhaph.nic.in/Members/MemberBioprofile.aspx?mpsno=5076
30,31,"Bandyopadhyay, Shri Sudip",All India Trinamool Congress,Kolkata Uttar (West Bengal),http://loksabhaph.nic.in/Members/MemberBioprofile.aspx?mpsno=38
31,32,"Banerjee,Shri Abhishek",All India Trinamool Congress,Diamond Harbour (West Bengal),http://loksabhaph.nic.in/Members/MemberBioprofile.aspx?mpsno=4843
32,33,"Banerjee, Shri Kalyan",All India Trinamool Congress,Serampore (West Bengal),http://loksabhaph.nic.in/Members/MemberBioprofile.aspx?mpsno=4498
33,34,"Banerjee, Shri Prasun",All India Trinamool Congress,Howrah (West Bengal),http://loksabhaph.nic.in/Members/MemberBioprofile.aspx?mpsno=4583
34,35,"Bapat, Shri Girish Bhalchandra",Bharatiya Janata Party,Pune (Maharashtra),http://loksabhaph.nic.in/Members/MemberBioprofile.aspx?mpsno=5198
35,36,"Barla, ShriJohn",Bharatiya Janata Party,Alipurduars (ST)(West Bengal),http://loksabhaph.nic.in/Members/MemberBioprofile.aspx?mpsno=5034
36,37,"Barne, Shri Shrirang Appa",Shiv Sena,Maval (Maharashtra),http://loksabhaph.nic.in/Members/MemberBioprofile.aspx?mpsno=4781
37,38,"Barq, Shri Shafiqur Rahman",Samajwadi Party,Sambhal (Uttar Pradesh),http://loksabhaph.nic.in/Members/MemberBioprofile.aspx?mpsno=3657
38,39,"Baruah, Shri Pradan",Bharatiya Janata Party,Lakhimpur (Assam),http://loksabhaph.nic.in/Members/MemberBioprofile.aspx?mpsno=4937
39,40,"Basavaraj, Shri Gangasandra Siddappa",Bharatiya Janata Party,Tumkur (Karnataka),http://loksabhaph.nic.in/Members/MemberBioprofile.aspx?mpsno=46
40,41,"Basheer, Shri E. T. Mohammed",Indian Union Muslim League,Ponnani (Kerala),http://loksabhaph.nic.in/Members/MemberBioprofile.aspx?mpsno=4561
41,42,"Beesetti , Dr. Venkata Satyavathi",Yuvajana Sramika Rythu Congress Party,Anakapalle (Andhra Pradesh),http://loksabhaph.nic.in/Members/MemberBioprofile.aspx?mpsno=5086
42,43,"Bellana, ShriChandra Sekhar",Yuvajana Sramika Rythu Congress Party,Vizianagaram (Andhra Pradesh),http://loksabhaph.nic.in/Members/MemberBioprofile.aspx?mpsno=5102
43,44,"Beniwal, Shri Hanuman",Rashtriya Loktantrik Party,Nagaur (Rajasthan),http://loksabhaph.nic.in/Members/MemberBioprofile.aspx?mpsno=5205
44,45,"Benny, Shri Behanan",Indian National Congress,Chalakudy (Kerala),http://loksabhaph.nic.in/Members/MemberBioprofile.aspx?mpsno=5124
45,46,"Bey, Shri Horen Sing",Bharatiya Janata Party,Autonomous District (ST)(Assam),http://loksabhaph.nic.in/Members/MemberBioprofile.aspx?mpsno=5025
46,47,"Bhabhor, Shri Jaswantsinh Sumanbhai",Bharatiya Janata Party,Dahod (ST)(Gujarat),http://loksabhaph.nic.in/Members/MemberBioprofile.aspx?mpsno=4857
47,48,"Bhagat, Shri Sudarshan",Bharatiya Janata Party,Lohardaga (ST)(Jharkhand),http://loksabhaph.nic.in/Members/MemberBioprofile.aspx?mpsno=4329
48,49,"Bhagirath Choudhary, Shri",Bharatiya Janata Party,Ajmer (Rajasthan),http://loksabhaph.nic.in/Members/MemberBioprofile.aspx?mpsno=5203
49,50,"Bhamre, Dr. Subhash Ramrao",Bharatiya Janata Party,Dhule (Maharashtra),http://loksabhaph.nic.in/Members/MemberBioprofile.aspx?mpsno=4678
50,51,"Bhargava, Shri Ramakant",Bharatiya Janata Party,Vidisha (Madhya Pradesh),http://loksabhaph.nic.in/Members/MemberBioprofile.aspx?mpsno=5072
51,52,"Bhatia, Shri Sanjay",Bharatiya Janata Party,Karnal (Haryana),http://loksabhaph.nic.in/Members/MemberBioprofile.aspx?mpsno=5029
52,53,"Bhatt, ShriAjay",Bharatiya Janata Party,Nainital-Udhamsingh Nagar (Uttarakhand),http://loksabhaph.nic.in/Members/MemberBioprofile.aspx?mpsno=5003
53,54,"Bhatt, Smt. Ranjanben Dhananjay",Bharatiya Janata Party,Vadodara (Gujarat),http://loksabhaph.nic.in/Members/MemberBioprofile.aspx?mpsno=4927
54,55,"Bhavana Gawali (Patil),Ms. ",Shiv Sena,Yavatmal-Washim (Maharashtra),http://loksabhaph.nic.in/Members/MemberBioprofile.aspx?mpsno=135
55,56,"Bholanath (B.P. Saroj), Shri",Bharatiya Janata Party,Machhlishahr (SC)(Uttar Pradesh),http://loksabhaph.nic.in/Members/MemberBioprofile.aspx?mpsno=5153
56,57,"Bhoumik, Km. Pratima",Bharatiya Janata Party,Tripura West (Tripura),http://loksabhaph.nic.in/Members/MemberBioprofile.aspx?mpsno=4983
57,58,"Bidhuri, Shri Ramesh",Bharatiya Janata Party,South Delhi (NCT of Delhi),http://loksabhaph.nic.in/Members/MemberBioprofile.aspx?mpsno=4854
58,59,"Bind, Dr. Ramesh Chand ",Bharatiya Janata Party,Bhadohi (Uttar Pradesh),http://loksabhaph.nic.in/Members/MemberBioprofile.aspx?mpsno=5138
59,60,"Birla, Shri Om",Bharatiya Janata Party,Kota (Rajasthan),http://loksabhaph.nic.in/Members/MemberBioprofile.aspx?mpsno=4716
60,61,"Bisen, Dr. Dhal Singh",Bharatiya Janata Party,Balaghat (Madhya Pradesh),http://loksabhaph.nic.in/Members/MemberBioprofile.aspx?mpsno=5056
61,62,"Bisoyi, Smt. Pramila",Biju Janata Dal,Aska (Odisha),http://loksabhaph.nic.in/Members/MemberBioprofile.aspx?mpsno=4984
62,63,"Bista, ShriRaju",Bharatiya Janata Party,Darjeeling (West Bengal),http://loksabhaph.nic.in/Members/MemberBioprofile.aspx?mpsno=5042
63,64,"Bohra, Shri Ramcharan",Bharatiya Janata Party,Jaipur (Rajasthan),http://loksabhaph.nic.in/Members/MemberBioprofile.aspx?mpsno=4656
64,65,"Bordoloi, Shri Pradyut",Indian National Congress,Nawgong (Assam),http://loksabhaph.nic.in/Members/MemberBioprofile.aspx?mpsno=5108
65,66,"Borlakunta, ShriVenkatesh Netha",Telangana Rashtra Samithi,Peddapalle (SC)(Telangana),http://loksabhaph.nic.in/Members/MemberBioprofile.aspx?mpsno=5083
66,67,"Chahar, ShriRajkumar",Bharatiya Janata Party,Fatehpur Sikri (Uttar Pradesh),http://loksabhaph.nic.in/Members/MemberBioprofile.aspx?mpsno=5142
67,68,"Chakraborty, Ms. Mimi",All India Trinamool Congress,Jadavpur (West Bengal),http://loksabhaph.nic.in/Members/MemberBioprofile.aspx?mpsno=5044
68,69,"Chandel, Kunwar Pushpendra Singh",Bharatiya Janata Party,Hamirpur (Uttar Pradesh),http://loksabhaph.nic.in/Members/MemberBioprofile.aspx?mpsno=4665
69,70,"Chandra, ShriGirish",Bahujan Samaj Party,Nagina (SC)(Uttar Pradesh),http://loksabhaph.nic.in/Members/MemberBioprofile.aspx?mpsno=5156
70,71,"Chatterjee, Smt.Locket",Bharatiya Janata Party,Hooghly (West Bengal),http://loksabhaph.nic.in/Members/MemberBioprofile.aspx?mpsno=5043
71,72,"Chaudhary, Shri P.P.",Bharatiya Janata Party,Pali (Rajasthan),http://loksabhaph.nic.in/Members/MemberBioprofile.aspx?mpsno=4597
72,73,"Chaudhary, Shri Pankaj",Bharatiya Janata Party,Maharajganj (Uttar Pradesh),http://loksabhaph.nic.in/Members/MemberBioprofile.aspx?mpsno=3479
73,74,"Chaudhary, ShriPradeep Kumar",Bharatiya Janata Party,Kairana (Uttar Pradesh),http://loksabhaph.nic.in/Members/MemberBioprofile.aspx?mpsno=5149
74,75,"Chaudhary, Shri Santokh Singh",Indian National Congress,Jalandhar (SC)(Punjab),http://loksabhaph.nic.in/Members/MemberBioprofile.aspx?mpsno=4783
75,76,"Chaudhuri, Km. Debasree",Bharatiya Janata Party,Raiganj (West Bengal),http://loksabhaph.nic.in/Members/MemberBioprofile.aspx?mpsno=5054
76,77,"Chauhan, Shri Devusinh Jesingbhai",Bharatiya Janata Party,Kheda (Gujarat),http://loksabhaph.nic.in/Members/MemberBioprofile.aspx?mpsno=4858
77,78,"Chauhan, Shri Nihal Chand",Bharatiya Janata Party,Ganganagar (SC)(Rajasthan),http://loksabhaph.nic.in/Members/MemberBioprofile.aspx?mpsno=95
78,79,"Chavda, Shri Vinod",Bharatiya Janata Party,Kachchh (SC)(Gujarat),http://loksabhaph.nic.in/Members/MemberBioprofile.aspx?mpsno=4741
79,80,"Chazhikadan, Shri Thomas",Kerala Congress (M),Kottayam (Kerala),http://loksabhaph.nic.in/Members/MemberBioprofile.aspx?mpsno=5130
80,81,"Chellakumar, Dr. A.",Indian National Congress,Krishnagiri (Tamil Nadu),http://loksabhaph.nic.in/Members/MemberBioprofile.aspx?mpsno=4966
81,82,"Chidambaram, Shri Karti P.",Indian National Congress,Sivaganga (Tamil Nadu),http://loksabhaph.nic.in/Members/MemberBioprofile.aspx?mpsno=4967
82,83,"Chikhalikar, Shri PratapraoPatil",Bharatiya Janata Party,Nanded (Maharashtra),http://loksabhaph.nic.in/Members/MemberBioprofile.aspx?mpsno=5197
83,84,"Chinraj, Shri A.K.P.",Dravida Munnetra Kazhagam,Namakkal (Tamil Nadu),http://loksabhaph.nic.in/Members/MemberBioprofile.aspx?mpsno=4979
84,85,"Chinta Anuradha, Smt. ",Yuvajana Sramika Rythu Congress Party,Amalapuram (SC)(Andhra Pradesh),http://loksabhaph.nic.in/Members/MemberBioprofile.aspx?mpsno=5085
85,86,"Choubey, Shri Ashwini Kumar",Bharatiya Janata Party,Buxar (Bihar),http://loksabhaph.nic.in/Members/MemberBioprofile.aspx?mpsno=4650
86,87,"Choudhary, Shri Chandra Prakash",AJSU Party,Giridih (Jharkhand),http://loksabhaph.nic.in/Members/MemberBioprofile.aspx?mpsno=5115
87,88,"Choudhary, Shri Kailash",Bharatiya Janata Party,Barmer (Rajasthan),http://loksabhaph.nic.in/Members/MemberBioprofile.aspx?mpsno=5207
88,89,"Choudhury, Shri Abu Hasem Khan",Indian National Congress,Maldaha Dakshin (West Bengal),http://loksabhaph.nic.in/Members/MemberBioprofile.aspx?mpsno=4212
89,90,"Chowdhury, Shri Adhir Ranjan",Indian National Congress,Baharampur (West Bengal),http://loksabhaph.nic.in/Members/MemberBioprofile.aspx?mpsno=97
90,91,"Chudasama, Shri Rajeshbhai Naranbhai",Bharatiya Janata Party,Junagadh (Gujarat),http://loksabhaph.nic.in/Members/MemberBioprofile.aspx?mpsno=4865
91,92,"Dabhi, Shri Bharatsinhji Shankarji",Bharatiya Janata Party,Patan (Gujarat),http://loksabhaph.nic.in/Members/MemberBioprofile.aspx?mpsno=5024
92,93,"Damor, Shri Guman Singh",Bharatiya Janata Party,Ratlam (ST)(Madhya Pradesh),http://loksabhaph.nic.in/Members/MemberBioprofile.aspx?mpsno=5068
93,94,"Danve, Shri Raosaheb Dadarao",Bharatiya Janata Party,Jalna (Maharashtra),http://loksabhaph.nic.in/Members/MemberBioprofile.aspx?mpsno=316
94,95,"Darbar, Shri Chhatar Singh",Bharatiya Janata Party,Dhar (ST)(Madhya Pradesh),http://loksabhaph.nic.in/Members/MemberBioprofile.aspx?mpsno=3675
95,96,"Das, Shri Pallab Lochan",Bharatiya Janata Party,Tezpur (Assam),http://loksabhaph.nic.in/Members/MemberBioprofile.aspx?mpsno=5110
96,97,"Dastidar, Dr. (Smt.) Kakoli Ghosh",All India Trinamool Congress,Barasat (West Bengal),http://loksabhaph.nic.in/Members/MemberBioprofile.aspx?mpsno=4489
97,98,"Deb, Shri Nitesh Ganga",Bharatiya Janata Party,Sambalpur (Odisha),http://loksabhaph.nic.in/Members/MemberBioprofile.aspx?mpsno=4999
98,99,"Delkar, Smt. Kalaben Mohanbhai",Shiv Sena,Dadra and Nagar Haveli (Dadra and Nagar Haveli and Daman and Diu),http://loksabhaph.nic.in/Members/MemberBioprofile.aspx?mpsno=5536
99,100,"Deol, Shri Sunny",Bharatiya Janata Party,Gurdaspur (Punjab),http://loksabhaph.nic.in/Members/MemberBioprofile.aspx?mpsno=5167
100,101,"Devi, Smt. Rama",Bharatiya Janata Party,Sheohar (Bihar),http://loksabhaph.nic.in/Members/MemberBioprofile.aspx?mpsno=3901
101,102,"Devi, Smt. Veena",Lok Jan Shakti Party,Vaishali (Bihar),http://loksabhaph.nic.in/Members/MemberBioprofile.aspx?mpsno=5223
102,103,"Dhaduk, Shri Rameshbhai Lavjibhai",Bharatiya Janata Party,Porbandar (Gujarat),http://loksabhaph.nic.in/Members/MemberBioprofile.aspx?mpsno=5026
103,104,"Dhanorkar, Shri Balubhau Narayanrao (Alias Suresh)",Indian National Congress,Chandrapur (Maharashtra),http://loksabhaph.nic.in/Members/MemberBioprofile.aspx?mpsno=5190
104,105,"Dharambir Singh, Shri ",Bharatiya Janata Party,Bhiwani-Mahendragarh (Haryana),http://loksabhaph.nic.in/Members/MemberBioprofile.aspx?mpsno=4647
105,106,"Dharmapuri, Shri Arvind",Bharatiya Janata Party,Nizamabad (Telangana),http://loksabhaph.nic.in/Members/MemberBioprofile.aspx?mpsno=5082
106,107,"Dhotre, Shri Sanjay Shamrao",Bharatiya Janata Party,Akola (Maharashtra),http://loksabhaph.nic.in/Members/MemberBioprofile.aspx?mpsno=3992
107,108,"Diler, ShriRajveer",Bharatiya Janata Party,Hathras (SC)(Uttar Pradesh),http://loksabhaph.nic.in/Members/MemberBioprofile.aspx?mpsno=5146
108,109,"Dilip, Shri Saikia",Bharatiya Janata Party,Mangaldoi (Assam),http://loksabhaph.nic.in/Members/MemberBioprofile.aspx?mpsno=5107
109,110,"DNV Senthilkumar S, Dr. ",Dravida Munnetra Kazhagam,Dharmapuri (Tamil Nadu),http://loksabhaph.nic.in/Members/MemberBioprofile.aspx?mpsno=4968
110,111,"Dubey, Dr. Nishikant ",Bharatiya Janata Party,Godda (Jharkhand),http://loksabhaph.nic.in/Members/MemberBioprofile.aspx?mpsno=4324
111,112,"Dubey, ShriVijay Kumar",Bharatiya Janata Party,Kushi Nagar (Uttar Pradesh),http://loksabhaph.nic.in/Members/MemberBioprofile.aspx?mpsno=5151
112,113,"Duggal, Smt. Sunita",Bharatiya Janata Party,Sirsa (SC)(Haryana),http://loksabhaph.nic.in/Members/MemberBioprofile.aspx?mpsno=5031
113,114,"Dwivedi, Shri Harish",Bharatiya Janata Party,Basti (Uttar Pradesh),http://loksabhaph.nic.in/Members/MemberBioprofile.aspx?mpsno=4633
114,115,"Eden, Shri Hibi",Indian National Congress,Ernakulam (Kerala),http://loksabhaph.nic.in/Members/MemberBioprofile.aspx?mpsno=5125
115,116,"Firojiya, Shri Anil",Bharatiya Janata Party,Ujjain (SC)(Madhya Pradesh),http://loksabhaph.nic.in/Members/MemberBioprofile.aspx?mpsno=5071
116,117,"Gaddigoudar, Shri Parvatagouda Chandanagouda",Bharatiya Janata Party,Bagalkot (Karnataka),http://loksabhaph.nic.in/Members/MemberBioprofile.aspx?mpsno=3984
117,118,"Gadkari, Shri Nitin Jairam",Bharatiya Janata Party,Nagpur (Maharashtra),http://loksabhaph.nic.in/Members/MemberBioprofile.aspx?mpsno=4923
118,119,"Galla, Shri Jayadev",Telugu Desam Party,Guntur (Andhra Pradesh),http://loksabhaph.nic.in/Members/MemberBioprofile.aspx?mpsno=4770
119,120,"Gambhir, ShriGautam",Bharatiya Janata Party,East Delhi (NCT of Delhi),http://loksabhaph.nic.in/Members/MemberBioprofile.aspx?mpsno=5032
120,121,"Gandhi, Shri Feroze Varun",Bharatiya Janata Party,Pilibhit (Uttar Pradesh),http://loksabhaph.nic.in/Members/MemberBioprofile.aspx?mpsno=4277
121,122,"Gandhi, Smt. Maneka Sanjay",Bharatiya Janata Party,Sultanpur (Uttar Pradesh),http://loksabhaph.nic.in/Members/MemberBioprofile.aspx?mpsno=129
122,123,"Gandhi, Shri Rahul",Indian National Congress,Wayanad (Kerala),http://loksabhaph.nic.in/Members/MemberBioprofile.aspx?mpsno=4074
123,124,"Gandhi, Smt. Sonia",Indian National Congress,Rae Bareli (Uttar Pradesh),http://loksabhaph.nic.in/Members/MemberBioprofile.aspx?mpsno=130
124,125,"Ganeshamurthi, Shri A.",Dravida Munnetra Kazhagam,Erode (Tamil Nadu),http://loksabhaph.nic.in/Members/MemberBioprofile.aspx?mpsno=3857
125,126,"Gangapuram, ShriKishan Reddy",Bharatiya Janata Party,Secunderabad (Telangana),http://loksabhaph.nic.in/Members/MemberBioprofile.aspx?mpsno=5084
126,127,"Gangwar, Shri Santosh Kumar",Bharatiya Janata Party,Bareilly (Uttar Pradesh),http://loksabhaph.nic.in/Members/MemberBioprofile.aspx?mpsno=131
127,128,"Gao, Shri Tapir",Bharatiya Janata Party,Arunachal East (Arunachal Pradesh),http://loksabhaph.nic.in/Members/MemberBioprofile.aspx?mpsno=3973
128,129,"Gautam, Shri Satish Kumar",Bharatiya Janata Party,Aligarh (Uttar Pradesh),http://loksabhaph.nic.in/Members/MemberBioprofile.aspx?mpsno=4603
129,130,"Gavit, Dr. Heena Vijaykumar",Bharatiya Janata Party,Nandurbar (ST)(Maharashtra),http://loksabhaph.nic.in/Members/MemberBioprofile.aspx?mpsno=4787
130,131,"Gavit, Shri Rajendra Dhedya ",Shiv Sena,Palghar (ST)(Maharashtra),http://loksabhaph.nic.in/Members/MemberBioprofile.aspx?mpsno=4949
131,132,"General (Retd.), Dr. Vijay Kumar Singh",Bharatiya Janata Party,Ghaziabad (Uttar Pradesh),http://loksabhaph.nic.in/Members/MemberBioprofile.aspx?mpsno=4598
132,133,"Ghosh, ShriDilip",Bharatiya Janata Party,Medinipur (West Bengal),http://loksabhaph.nic.in/Members/MemberBioprofile.aspx?mpsno=5051
133,134,"Gill, Shri Jasbir Singh",Indian National Congress,Khadoor Sahib (Punjab),http://loksabhaph.nic.in/Members/MemberBioprofile.aspx?mpsno=5165
134,135,"Gnanathiraviam, Shri S.",Dravida Munnetra Kazhagam,Tirunelveli (Tamil Nadu),http://loksabhaph.nic.in/Members/MemberBioprofile.aspx?mpsno=4956
135,136,"Godse, Shri Hemant Tukaram",Shiv Sena,Nashik (Maharashtra),http://loksabhaph.nic.in/Members/MemberBioprofile.aspx?mpsno=4682
136,137,"Gogoi, Shri Gaurav",Indian National Congress,Kaliabor (Assam),http://loksabhaph.nic.in/Members/MemberBioprofile.aspx?mpsno=4788
137,138,"Gogoi, Shri Topon Kumar",Bharatiya Janata Party,Jorhat (Assam),http://loksabhaph.nic.in/Members/MemberBioprofile.aspx?mpsno=5105
138,139,"Gopal Jee Thakur, Shri ",Bharatiya Janata Party,Darbhanga (Bihar),http://loksabhaph.nic.in/Members/MemberBioprofile.aspx?mpsno=5176
139,140,"Goswami, Shri Dulal Chandra",Janata Dal (United),Katihar (Bihar),http://loksabhaph.nic.in/Members/MemberBioprofile.aspx?mpsno=5215
140,141,"Gowda, Shri Devaragunda Venkappa Sadananda",Bharatiya Janata Party,Bangalore North (Karnataka),http://loksabhaph.nic.in/Members/MemberBioprofile.aspx?mpsno=3979
141,142,"Gupta, ShriSangamlal Kadedin",Bharatiya Janata Party,Pratapgarh (Uttar Pradesh),http://loksabhaph.nic.in/Members/MemberBioprofile.aspx?mpsno=5158
142,143,"Gupta, Shri Sudheer",Bharatiya Janata Party,Mandsour (Madhya Pradesh),http://loksabhaph.nic.in/Members/MemberBioprofile.aspx?mpsno=4615
143,144,"Gurjar, Shri Krishan Pal",Bharatiya Janata Party,Faridabad (Haryana),http://loksabhaph.nic.in/Members/MemberBioprofile.aspx?mpsno=4629
144,145,"Gurumoorthy, Shri Maddila",Yuvajana Sramika Rythu Congress Party,Tirupati (SC)(Andhra Pradesh),http://loksabhaph.nic.in/Members/MemberBioprofile.aspx?mpsno=5534
145,146,"Hans, Shri Hans Raj",Bharatiya Janata Party,North West Delhi (SC)(NCT of Delhi),http://loksabhaph.nic.in/Members/MemberBioprofile.aspx?mpsno=5033
146,147,"Hansdak, Shri Vijay Kumar",Jharkhand Mukti Morcha,Rajmahal (ST)(Jharkhand),http://loksabhaph.nic.in/Members/MemberBioprofile.aspx?mpsno=4866
147,148,"Haridas, Ms. Ramya ",Indian National Congress,Alathur (SC)(Kerala),http://loksabhaph.nic.in/Members/MemberBioprofile.aspx?mpsno=5122
148,149,"Harsh Vardhan , Dr. ",Bharatiya Janata Party,Chandni Chowk (NCT of Delhi),http://loksabhaph.nic.in/Members/MemberBioprofile.aspx?mpsno=4776
149,150,"Hasan, Dr.S.T.",Samajwadi Party,Moradabad (Uttar Pradesh),http://loksabhaph.nic.in/Members/MemberBioprofile.aspx?mpsno=5155
150,151,"Hegde, Shri Anantkumar ",Bharatiya Janata Party,Uttara Kannada (Karnataka),http://loksabhaph.nic.in/Members/MemberBioprofile.aspx?mpsno=3688
151,152,"Hema Malini, Smt. ",Bharatiya Janata Party,Mathura (Uttar Pradesh),http://loksabhaph.nic.in/Members/MemberBioprofile.aspx?mpsno=4619
152,153,"Hembram, ShriKunar",Bharatiya Janata Party,Jhargram (ST)(West Bengal),http://loksabhaph.nic.in/Members/MemberBioprofile.aspx?mpsno=5047
153,154,"Irani, Smt.Smriti Zubin",Bharatiya Janata Party,Amethi (Uttar Pradesh),http://loksabhaph.nic.in/Members/MemberBioprofile.aspx?mpsno=5133
154,155,"Jadhav, Shri Prataprao ",Shiv Sena,Buldhana (Maharashtra),http://loksabhaph.nic.in/Members/MemberBioprofile.aspx?mpsno=4373
155,156,"Jadhav, Shri Sanjay Haribhau",Shiv Sena,Parbhani (Maharashtra),http://loksabhaph.nic.in/Members/MemberBioprofile.aspx?mpsno=4735
156,157,"Jadhav, Dr. Umesh G.",Bharatiya Janata Party,Gulbarga (SC)(Karnataka),http://loksabhaph.nic.in/Members/MemberBioprofile.aspx?mpsno=5178
157,158,"Jagathrakshakan, Shri S.",Dravida Munnetra Kazhagam,Arakkonam (Tamil Nadu),http://loksabhaph.nic.in/Members/MemberBioprofile.aspx?mpsno=157
158,159,"Jai Prakash, Shri ",Bharatiya Janata Party,Hardoi (SC)(Uttar Pradesh),http://loksabhaph.nic.in/Members/MemberBioprofile.aspx?mpsno=159
159,160,"Jaiswal, Dr. Sanjay",Bharatiya Janata Party,Paschim Champaran (Bihar),http://loksabhaph.nic.in/Members/MemberBioprofile.aspx?mpsno=4455
160,161,"Jardosh, Smt. Darshana Vikram",Bharatiya Janata Party,Surat (Gujarat),http://loksabhaph.nic.in/Members/MemberBioprofile.aspx?mpsno=4451
161,162,"Jatua, Shri Choudhury Mohan",All India Trinamool Congress,Mathurapur (SC)(West Bengal),http://loksabhaph.nic.in/Members/MemberBioprofile.aspx?mpsno=4492
162,163,"Jaunapuria, Shri Sukhbir Singh",Bharatiya Janata Party,Tonk-Sawai Madhopur (Rajasthan),http://loksabhaph.nic.in/Members/MemberBioprofile.aspx?mpsno=4669
163,164,"Jawed, Dr. Mohammad",Indian National Congress,Kishanganj (Bihar),http://loksabhaph.nic.in/Members/MemberBioprofile.aspx?mpsno=5216
164,165,"Jayakumar, Dr. K.",Indian National Congress,Tiruvallur (SC)(Tamil Nadu),http://loksabhaph.nic.in/Members/MemberBioprofile.aspx?mpsno=4957
165,166,"Jigajinagi, Shri Ramesh Chandappa",Bharatiya Janata Party,Bijapur (SC)(Karnataka),http://loksabhaph.nic.in/Members/MemberBioprofile.aspx?mpsno=170
166,167,"Jolle, Shri Annasaheb Shankar",Bharatiya Janata Party,Chikkodi (Karnataka),http://loksabhaph.nic.in/Members/MemberBioprofile.aspx?mpsno=5174
167,168,"Joshi,Prof.Rita Bahuguna",Bharatiya Janata Party,Allahabad (Uttar Pradesh),http://loksabhaph.nic.in/Members/MemberBioprofile.aspx?mpsno=5131
168,169,"Joshi, Shri Chandra Prakash",Bharatiya Janata Party,Chittorgarh (Rajasthan),http://loksabhaph.nic.in/Members/MemberBioprofile.aspx?mpsno=4671
169,170,"Joshi, Shri Pralhad Venkatesh",Bharatiya Janata Party,Dharwad (Karnataka),http://loksabhaph.nic.in/Members/MemberBioprofile.aspx?mpsno=3982
170,171,"Jothi Mani, Ms. S.",Indian National Congress,Karur (Tamil Nadu),http://loksabhaph.nic.in/Members/MemberBioprofile.aspx?mpsno=4981
171,172,"Jyoti, Sadhvi Niranjan",Bharatiya Janata Party,Fatehpur (Uttar Pradesh),http://loksabhaph.nic.in/Members/MemberBioprofile.aspx?mpsno=4622
172,173,"K. Navas, ShriKani",Indian Union Muslim League,Ramanathapuram (Tamil Nadu),http://loksabhaph.nic.in/Members/MemberBioprofile.aspx?mpsno=4962
173,174,"Kachhadiya, Shri Naranbhai Bhikhabhai",Bharatiya Janata Party,Amreli (Gujarat),http://loksabhaph.nic.in/Members/MemberBioprofile.aspx?mpsno=4448
174,175,"Kaiser, Choudhary Mehboob Ali",Lok Jan Shakti Party,Khagaria (Bihar),http://loksabhaph.nic.in/Members/MemberBioprofile.aspx?mpsno=4612
175,176,"Kalanidhi, Dr. Veeraswamy",Dravida Munnetra Kazhagam,Chennai North (Tamil Nadu),http://loksabhaph.nic.in/Members/MemberBioprofile.aspx?mpsno=4959
176,177,"Kamait, Shri Dileshwar",Janata Dal (United),Supaul (Bihar),http://loksabhaph.nic.in/Members/MemberBioprofile.aspx?mpsno=5222
177,178,"Kanumuru, Shri Raghu Ramakrishna Raju",Yuvajana Sramika Rythu Congress Party,Narsapuram (Andhra Pradesh),http://loksabhaph.nic.in/Members/MemberBioprofile.aspx?mpsno=5097
178,179,"Kapoor, Shri Kishan",Bharatiya Janata Party,Kangra (Himachal Pradesh),http://loksabhaph.nic.in/Members/MemberBioprofile.aspx?mpsno=5112
179,180,"Karadi, Shri Sanganna Amarappa",Bharatiya Janata Party,Koppal (Karnataka),http://loksabhaph.nic.in/Members/MemberBioprofile.aspx?mpsno=4744
180,181,"Karandlaje, Km. Shobha",Bharatiya Janata Party,Udupi Chikmagalur (Karnataka),http://loksabhaph.nic.in/Members/MemberBioprofile.aspx?mpsno=4616
181,182,"Karunanidhi, Smt. Kanimozhi",Dravida Munnetra Kazhagam,Thoothukkudi (Tamil Nadu),http://loksabhaph.nic.in/Members/MemberBioprofile.aspx?mpsno=4960
182,183,"Kashyap, Shri Dharmendra Kumar",Bharatiya Janata Party,Aonla (Uttar Pradesh),http://loksabhaph.nic.in/Members/MemberBioprofile.aspx?mpsno=4595
183,184,"Kashyap, Shri Suresh Kumar",Bharatiya Janata Party,Shimla (SC)(Himachal Pradesh),http://loksabhaph.nic.in/Members/MemberBioprofile.aspx?mpsno=5113
184,185,"Kaswan, Shri Rahul",Bharatiya Janata Party,Churu (Rajasthan),http://loksabhaph.nic.in/Members/MemberBioprofile.aspx?mpsno=4654
185,186,"Katara, Shri Kanakmal",Bharatiya Janata Party,Banswara (ST)(Rajasthan),http://loksabhaph.nic.in/Members/MemberBioprofile.aspx?mpsno=5206
186,187,"Kataria, Shri Rattan Lal",Bharatiya Janata Party,Ambala (SC)(Haryana),http://loksabhaph.nic.in/Members/MemberBioprofile.aspx?mpsno=183
187,188,"Kateel, Shri Nalin Kumar",Bharatiya Janata Party,Dakshina Kannada (Karnataka),http://loksabhaph.nic.in/Members/MemberBioprofile.aspx?mpsno=4316
188,189,"Katheria, Prof. (Dr.) Ram Shankar",Bharatiya Janata Party,Etawah (SC)(Uttar Pradesh),http://loksabhaph.nic.in/Members/MemberBioprofile.aspx?mpsno=4274
189,190,"Kathir Anand, Shri Durai Murugan ",Dravida Munnetra Kazhagam,Vellore (Tamil Nadu),http://loksabhaph.nic.in/Members/MemberBioprofile.aspx?mpsno=5528
190,191,"Kaur, Smt. Preneet",Indian National Congress,Patiala (Punjab),http://loksabhaph.nic.in/Members/MemberBioprofile.aspx?mpsno=186
191,192,"Kaushik, Shri Ramesh Chander",Bharatiya Janata Party,Sonipat (Haryana),http://loksabhaph.nic.in/Members/MemberBioprofile.aspx?mpsno=4601
192,193,"Kesineni, Shri Srinivas",Telugu Desam Party,Vijayawada (Andhra Pradesh),http://loksabhaph.nic.in/Members/MemberBioprofile.aspx?mpsno=4701
193,194,"Khadse, Smt. Raksha Nikhil",Bharatiya Janata Party,Raver (Maharashtra),http://loksabhaph.nic.in/Members/MemberBioprofile.aspx?mpsno=4722
194,195,"Khaleque,Shri Abdul",Indian National Congress,Barpeta (Assam),http://loksabhaph.nic.in/Members/MemberBioprofile.aspx?mpsno=5103
195,196,"Khan, ShriAbu Taher",All India Trinamool Congress,Murshidabad (West Bengal),http://loksabhaph.nic.in/Members/MemberBioprofile.aspx?mpsno=5052
196,197,"Kher, Smt. Kirron ",Bharatiya Janata Party,Chandigarh (Chandigarh),http://loksabhaph.nic.in/Members/MemberBioprofile.aspx?mpsno=4775
197,198,"Khuba, Shri Bhagwanth",Bharatiya Janata Party,Bidar (Karnataka),http://loksabhaph.nic.in/Members/MemberBioprofile.aspx?mpsno=4632
198,199,"Kirtikar, Shri Gajanan Chandrakant",Shiv Sena,Mumbai-North-West (Maharashtra),http://loksabhaph.nic.in/Members/MemberBioprofile.aspx?mpsno=4922
199,200,"Kishore, Shri Kaushal",Bharatiya Janata Party,Mohanlalganj (SC)(Uttar Pradesh),http://loksabhaph.nic.in/Members/MemberBioprofile.aspx?mpsno=4710
200,201,"Kodikunnil, Shri Suresh",Indian National Congress,Mavelikkara (SC)(Kerala),http://loksabhaph.nic.in/Members/MemberBioprofile.aspx?mpsno=477
201,202,"Kolhe, Dr. Amol Ramsing",Nationalist Congress Party,Shirur (Maharashtra),http://loksabhaph.nic.in/Members/MemberBioprofile.aspx?mpsno=5185
202,203,"Koli, Smt. Ranjeeta",Bharatiya Janata Party,Bharatpur (SC)(Rajasthan),http://loksabhaph.nic.in/Members/MemberBioprofile.aspx?mpsno=5208
203,204,"Kora, Smt. Geeta",Indian National Congress,Singhbhum (ST)(Jharkhand),http://loksabhaph.nic.in/Members/MemberBioprofile.aspx?mpsno=5118
204,205,"Kotak, Shri Manoj Kishorbhai",Bharatiya Janata Party,Mumbai-North-East (Maharashtra),http://loksabhaph.nic.in/Members/MemberBioprofile.aspx?mpsno=5202
205,206,"Kulaste, Shri Faggan Singh",Bharatiya Janata Party,Mandla (ST)(Madhya Pradesh),http://loksabhaph.nic.in/Members/MemberBioprofile.aspx?mpsno=207
206,207,"Kumar, Shri Dhanush M",Dravida Munnetra Kazhagam,Tenkasi (SC)(Tamil Nadu),http://loksabhaph.nic.in/Members/MemberBioprofile.aspx?mpsno=4958
207,208,"Kumar, Shri Kaushalendra",Janata Dal (United),Nalanda (Bihar),http://loksabhaph.nic.in/Members/MemberBioprofile.aspx?mpsno=4467
208,209,"Kumar, Shri Narendra",Bharatiya Janata Party,Jhunjhunu (Rajasthan),http://loksabhaph.nic.in/Members/MemberBioprofile.aspx?mpsno=5210
209,210,"Kumar, Shri Santosh",Janata Dal (United),Purnia (Bihar),http://loksabhaph.nic.in/Members/MemberBioprofile.aspx?mpsno=4792
210,211,"Kumar, Shri Sunil ",Janata Dal (United),Valmiki Nagar (Bihar),http://loksabhaph.nic.in/Members/MemberBioprofile.aspx?mpsno=5530
211,212,"Kumar, Shri Vijay",Janata Dal (United),Gaya (SC)(Bihar),http://loksabhaph.nic.in/Members/MemberBioprofile.aspx?mpsno=5177
212,213,"Kumar, Dr. Virendra ",Bharatiya Janata Party,Tikamgarh (SC)(Madhya Pradesh),http://loksabhaph.nic.in/Members/MemberBioprofile.aspx?mpsno=515
213,214,"Kumari, Km. Diya",Bharatiya Janata Party,Rajsamand (Rajasthan),http://loksabhaph.nic.in/Members/MemberBioprofile.aspx?mpsno=5209
214,215,"Kundariya, Shri Mohanbhai Kalyanji",Bharatiya Janata Party,Rajkot (Gujarat),http://loksabhaph.nic.in/Members/MemberBioprofile.aspx?mpsno=4692
215,216,Kunwar Danish Ali,Bahujan Samaj Party,Amroha (Uttar Pradesh),http://loksabhaph.nic.in/Members/MemberBioprofile.aspx?mpsno=5134
216,217,"Kuriakose, Adv. Dean",Indian National Congress,Idukki (Kerala),http://loksabhaph.nic.in/Members/MemberBioprofile.aspx?mpsno=5126
217,218,"Kushawaha, Shri Ravindra",Bharatiya Janata Party,Salempur (Uttar Pradesh),http://loksabhaph.nic.in/Members/MemberBioprofile.aspx?mpsno=4879
218,219,"Lal, ShriAkshaibar",Bharatiya Janata Party,Bahraich (SC)(Uttar Pradesh),http://loksabhaph.nic.in/Members/MemberBioprofile.aspx?mpsno=5136
219,220,"Lal, Shri Pakauri",Apna Dal (Soneylal),Robertsganj (SC)(Uttar Pradesh),http://loksabhaph.nic.in/Members/MemberBioprofile.aspx?mpsno=4310
220,221,"Lalrosanga, Shri C.",Mizo National Front,Mizoram (ST)(Mizoram),http://loksabhaph.nic.in/Members/MemberBioprofile.aspx?mpsno=5527
221,222,"Lalwani, Shri Shankar",Bharatiya Janata Party,Indore (Madhya Pradesh),http://loksabhaph.nic.in/Members/MemberBioprofile.aspx?mpsno=5065
222,223,"Lavu, Shri Sri Krishna Devarayalu",Yuvajana Sramika Rythu Congress Party,Narasaraopet (Andhra Pradesh),http://loksabhaph.nic.in/Members/MemberBioprofile.aspx?mpsno=5096
223,224,"Lekhi, Smt. Meenakashi",Bharatiya Janata Party,New Delhi (NCT of Delhi),http://loksabhaph.nic.in/Members/MemberBioprofile.aspx?mpsno=4717
224,225,"Lokhande, Shri Sadashiv Kisan",Shiv Sena,Shirdi (SC)(Maharashtra),http://loksabhaph.nic.in/Members/MemberBioprofile.aspx?mpsno=4733
225,226,"Lone, Shri Mohammad Akbar",Jammu and Kashmir National Conference,Baramulla (Jammu and Kashmir),http://loksabhaph.nic.in/Members/MemberBioprofile.aspx?mpsno=5005
226,227,"Maadam, Smt. Poonamben Hematbhai",Bharatiya Janata Party,Jamnagar (Gujarat),http://loksabhaph.nic.in/Members/MemberBioprofile.aspx?mpsno=4751
227,228,"Madhav, Shri Kuruva Gorantla",Yuvajana Sramika Rythu Congress Party,Hindupur (Andhra Pradesh),http://loksabhaph.nic.in/Members/MemberBioprofile.aspx?mpsno=5092
228,229,"Madhavi, Smt. Goddeti",Yuvajana Sramika Rythu Congress Party,Araku (ST)(Andhra Pradesh),http://loksabhaph.nic.in/Members/MemberBioprofile.aspx?mpsno=5088
229,230,"Mahajan, Smt. PoonamPramod",Bharatiya Janata Party,Mumbai-North-Central (Maharashtra),http://loksabhaph.nic.in/Members/MemberBioprofile.aspx?mpsno=4660
230,231,"Mahant, Smt. Jyotsna Charandas",Indian National Congress,Korba (Chhattisgarh),http://loksabhaph.nic.in/Members/MemberBioprofile.aspx?mpsno=5011
231,232,"Mahaswamiji, Dr. Jaisiddeshwar Shivacharya",Bharatiya Janata Party,Solapur (SC)(Maharashtra),http://loksabhaph.nic.in/Members/MemberBioprofile.aspx?mpsno=5194
232,233,"Mahato, Shri Bidyut Baran",Bharatiya Janata Party,Jamshedpur (Jharkhand),http://loksabhaph.nic.in/Members/MemberBioprofile.aspx?mpsno=4705
233,234,"Mahato, ShriJyotirmay Singh",Bharatiya Janata Party,Purulia (West Bengal),http://loksabhaph.nic.in/Members/MemberBioprofile.aspx?mpsno=5053
234,235,"Mahtab, Shri Bhartruhari",Biju Janata Dal,Cuttack (Odisha),http://loksabhaph.nic.in/Members/MemberBioprofile.aspx?mpsno=225
235,236,"Majhi, Shri Ramesh Chandra",Biju Janata Dal,Nabarangpur (ST)(Odisha),http://loksabhaph.nic.in/Members/MemberBioprofile.aspx?mpsno=4998
236,237,"Majumdar, Dr. Sukanta",Bharatiya Janata Party,Balurghat (West Bengal),http://loksabhaph.nic.in/Members/MemberBioprofile.aspx?mpsno=5035
237,238,"Mal, ShriAsit Kumar",All India Trinamool Congress,Bolpur (SC)(West Bengal),http://loksabhaph.nic.in/Members/MemberBioprofile.aspx?mpsno=5040
238,239,"Mallah, Shri Kripanath",Bharatiya Janata Party,Karimganj (SC)(Assam),http://loksabhaph.nic.in/Members/MemberBioprofile.aspx?mpsno=5106
239,240,"Mallick, Dr.Rajashree",Biju Janata Dal,Jagatsinghpur (SC)(Odisha),http://loksabhaph.nic.in/Members/MemberBioprofile.aspx?mpsno=4990
240,241,"Maloth, Smt. Kavitha",Telangana Rashtra Samithi,Mahabubabad (ST)(Telangana),http://loksabhaph.nic.in/Members/MemberBioprofile.aspx?mpsno=5077
241,242,"Mandal, Shri Ajay Kumar",Janata Dal (United),Bhagalpur (Bihar),http://loksabhaph.nic.in/Members/MemberBioprofile.aspx?mpsno=5170
242,243,"Mandal, Smt. Manjulata",Biju Janata Dal,Bhadrak (SC)(Odisha),http://loksabhaph.nic.in/Members/MemberBioprofile.aspx?mpsno=4987
243,244,"Mandal, Shri Ramprit",Janata Dal (United),Jhanjharpur (Bihar),http://loksabhaph.nic.in/Members/MemberBioprofile.aspx?mpsno=5214
244,245,"Mandavi, Shri Mohan",Bharatiya Janata Party,Kanker (ST)(Chhattisgarh),http://loksabhaph.nic.in/Members/MemberBioprofile.aspx?mpsno=5010
245,246,"Mandlik, Prof. Sanjay Sadashivrao",Shiv Sena,Kolhapur (Maharashtra),http://loksabhaph.nic.in/Members/MemberBioprofile.aspx?mpsno=5192
246,247,"Mane, Shri DhairyasheelS.",Shiv Sena,Hatkanangle (Maharashtra),http://loksabhaph.nic.in/Members/MemberBioprofile.aspx?mpsno=5187
247,248,"Manne, Shri Srinivas Reddy",Telangana Rashtra Samithi,Mahabubnagar (Telangana),http://loksabhaph.nic.in/Members/MemberBioprofile.aspx?mpsno=5078
248,249,"Maran, Thiru Dayanidhi",Dravida Munnetra Kazhagam,Chennai Central (Tamil Nadu),http://loksabhaph.nic.in/Members/MemberBioprofile.aspx?mpsno=4144
249,250,"Margani, Shri Bharat Ram",Yuvajana Sramika Rythu Congress Party,Rajahmundry (Andhra Pradesh),http://loksabhaph.nic.in/Members/MemberBioprofile.aspx?mpsno=5098
250,251,"Masoodi, Shri Hasnain",Jammu and Kashmir National Conference,Anantnag (Jammu and Kashmir),http://loksabhaph.nic.in/Members/MemberBioprofile.aspx?mpsno=5004
251,252,"Maurya, Dr.Sanghamitra",Bharatiya Janata Party,Badaun (Uttar Pradesh),http://loksabhaph.nic.in/Members/MemberBioprofile.aspx?mpsno=5135
252,253,"Meena, Shri Arjunlal",Bharatiya Janata Party,Udaipur (ST)(Rajasthan),http://loksabhaph.nic.in/Members/MemberBioprofile.aspx?mpsno=4755
253,254,"Meena, Smt. Jaskaur",Bharatiya Janata Party,Dausa (ST)(Rajasthan),http://loksabhaph.nic.in/Members/MemberBioprofile.aspx?mpsno=247
254,255,"Meghwal, Shri Arjun Ram ",Bharatiya Janata Party,Bikaner (SC)(Rajasthan),http://loksabhaph.nic.in/Members/MemberBioprofile.aspx?mpsno=4399
255,256,"Mendhe, Shri Sunil Baburao",Bharatiya Janata Party,Bhandara-Gondiya (Maharashtra),http://loksabhaph.nic.in/Members/MemberBioprofile.aspx?mpsno=5188
256,257,"Mishra, Shri Janardan",Bharatiya Janata Party,Rewa (Madhya Pradesh),http://loksabhaph.nic.in/Members/MemberBioprofile.aspx?mpsno=4728
257,258,"Misra, Shri Ajay (Teni)",Bharatiya Janata Party,Kheri (Uttar Pradesh),http://loksabhaph.nic.in/Members/MemberBioprofile.aspx?mpsno=4696
258,259,"Misra, Shri Pinaki",Biju Janata Dal,Puri (Odisha),http://loksabhaph.nic.in/Members/MemberBioprofile.aspx?mpsno=3724
259,260,"Modi, Shri Narendra Damodardas",Bharatiya Janata Party,Varanasi (Uttar Pradesh),http://loksabhaph.nic.in/Members/MemberBioprofile.aspx?mpsno=4589
260,261,"Mohammed, Shri Faizal P.P.",Nationalist Congress Party,Lakshadweep (ST)(Lakshadweep),http://loksabhaph.nic.in/Members/MemberBioprofile.aspx?mpsno=4786
261,262,"Mohan, Shri P. C.",Bharatiya Janata Party,Bangalore Central (Karnataka),http://loksabhaph.nic.in/Members/MemberBioprofile.aspx?mpsno=4321
262,263,"Mohanty, Shri Anubhav",Biju Janata Dal,Kendrapara (Odisha),http://loksabhaph.nic.in/Members/MemberBioprofile.aspx?mpsno=4994
263,264,"Moitra, Smt. Mahua",All India Trinamool Congress,Krishnanagar (West Bengal),http://loksabhaph.nic.in/Members/MemberBioprofile.aspx?mpsno=5049
264,265,"Mondal, Smt. Pratima",All India Trinamool Congress,Jaynagar (SC)(West Bengal),http://loksabhaph.nic.in/Members/MemberBioprofile.aspx?mpsno=4871
265,266,"Mondal, Shri Sunil Kumar",All India Trinamool Congress,Bardhaman Purba (SC)(West Bengal),http://loksabhaph.nic.in/Members/MemberBioprofile.aspx?mpsno=4868
266,267,"Munda, Shri Arjun ",Bharatiya Janata Party,Khunti (ST)(Jharkhand),http://loksabhaph.nic.in/Members/MemberBioprofile.aspx?mpsno=4327
267,268,"Munde, Dr. Pritam Gopinath Rao",Bharatiya Janata Party,Beed (Maharashtra),http://loksabhaph.nic.in/Members/MemberBioprofile.aspx?mpsno=4928
268,269,"Muniswamy, Shri S.",Bharatiya Janata Party,Kolar (SC)(Karnataka),http://loksabhaph.nic.in/Members/MemberBioprofile.aspx?mpsno=5179
269,270,"Munjpara, Dr. Mahendrabhai Kalubhai",Bharatiya Janata Party,Surendranagar (Gujarat),http://loksabhaph.nic.in/Members/MemberBioprofile.aspx?mpsno=5027
270,271,"Muraleedharan, Shri K.",Indian National Congress,Vadakara (Kerala),http://loksabhaph.nic.in/Members/MemberBioprofile.aspx?mpsno=262
271,272,"Murmu, Ms. Chandrani",Biju Janata Dal,Keonjhar (ST)(Odisha),http://loksabhaph.nic.in/Members/MemberBioprofile.aspx?mpsno=4995
272,273,"Murmu, ShriKhagen",Bharatiya Janata Party,Maldaha Uttar (West Bengal),http://loksabhaph.nic.in/Members/MemberBioprofile.aspx?mpsno=5050
273,274,"Nagar, Shri Malook",Bahujan Samaj Party,Bijnor (Uttar Pradesh),http://loksabhaph.nic.in/Members/MemberBioprofile.aspx?mpsno=5139
274,275,"Nagar, Shri Rodmal",Bharatiya Janata Party,Rajgarh (Madhya Pradesh),http://loksabhaph.nic.in/Members/MemberBioprofile.aspx?mpsno=4702
275,276,"Naik, Shri Raja Amareshwara",Bharatiya Janata Party,Raichur (ST)(Karnataka),http://loksabhaph.nic.in/Members/MemberBioprofile.aspx?mpsno=5181
276,277,"Naik, Shri Shripad Yesso",Bharatiya Janata Party,North Goa (Goa),http://loksabhaph.nic.in/Members/MemberBioprofile.aspx?mpsno=273
277,278,"Naik Nimbalkar, Shri Ranjeetsingh",Bharatiya Janata Party,Madha (Maharashtra),http://loksabhaph.nic.in/Members/MemberBioprofile.aspx?mpsno=5193
278,279,"Nallakonda Gari, Shri Reddeppa",Yuvajana Sramika Rythu Congress Party,Chittoor (SC)(Andhra Pradesh),http://loksabhaph.nic.in/Members/MemberBioprofile.aspx?mpsno=5090
279,280,"Namgyal, Shri Jamyang Tsering",Bharatiya Janata Party,Ladakh (Ladakh),http://loksabhaph.nic.in/Members/MemberBioprofile.aspx?mpsno=5006
280,281,"Natarajan, Shri P.R.",Communist Party of India (Marxist),Coimbatore (Tamil Nadu),http://loksabhaph.nic.in/Members/MemberBioprofile.aspx?mpsno=4543
281,282,"Nath, Shri Balak",Bharatiya Janata Party,Alwar (Rajasthan),http://loksabhaph.nic.in/Members/MemberBioprofile.aspx?mpsno=5204
282,283,"Nath, Shri Nakul K.",Indian National Congress,Chhindwara (Madhya Pradesh),http://loksabhaph.nic.in/Members/MemberBioprofile.aspx?mpsno=5060
283,284,"Nete, Shri Ashok Mahadeorao",Bharatiya Janata Party,Gadchiroli-Chimur (ST)(Maharashtra),http://loksabhaph.nic.in/Members/MemberBioprofile.aspx?mpsno=4748
284,285,"Nishad, Shri Ajay",Bharatiya Janata Party,Muzaffarpur (Bihar),http://loksabhaph.nic.in/Members/MemberBioprofile.aspx?mpsno=4715
285,286,"Nishad, Shri Praveen Kumar",Bharatiya Janata Party,Sant Kabir Nagar (Uttar Pradesh),http://loksabhaph.nic.in/Members/MemberBioprofile.aspx?mpsno=4947
286,287,"Nishank, Dr. Ramesh Pokhriyal",Bharatiya Janata Party,Hardwar (Uttarakhand),http://loksabhaph.nic.in/Members/MemberBioprofile.aspx?mpsno=4761
287,288,"Oja, Smt. Queen",Bharatiya Janata Party,Gauhati (Assam),http://loksabhaph.nic.in/Members/MemberBioprofile.aspx?mpsno=5104
288,289,"Oram, Shri Jual",Bharatiya Janata Party,Sundargarh (ST)(Odisha),http://loksabhaph.nic.in/Members/MemberBioprofile.aspx?mpsno=279
289,290,"Owaisi, Shri Asaduddin",All India Majlis-E-Ittehadul Muslimeen,Hyderabad (Telangana),http://loksabhaph.nic.in/Members/MemberBioprofile.aspx?mpsno=4091
290,291,"Paarivendhar, Dr. T. R.",Dravida Munnetra Kazhagam,Perambalur (Tamil Nadu),http://loksabhaph.nic.in/Members/MemberBioprofile.aspx?mpsno=4980
291,292,"Pachauri, Shri Satyadev",Bharatiya Janata Party,Kanpur (Uttar Pradesh),http://loksabhaph.nic.in/Members/MemberBioprofile.aspx?mpsno=5226
292,293,"Pal , Shri Jagdambika",Bharatiya Janata Party,Domariyaganj (Uttar Pradesh),http://loksabhaph.nic.in/Members/MemberBioprofile.aspx?mpsno=4295
293,294,"Pala, Shri Vincent H.",Indian National Congress,Shillong (ST)(Meghalaya),http://loksabhaph.nic.in/Members/MemberBioprofile.aspx?mpsno=4352
294,295,"Palanimanickam, Shri S.S.",Dravida Munnetra Kazhagam,Thanjavur (Tamil Nadu),http://loksabhaph.nic.in/Members/MemberBioprofile.aspx?mpsno=284
295,296,"Panda, Shri Basanta Kumar",Bharatiya Janata Party,Kalahandi (Odisha),http://loksabhaph.nic.in/Members/MemberBioprofile.aspx?mpsno=4992
296,297,"Pandey, Dr. Mahendra Nath",Bharatiya Janata Party,Chandauli (Uttar Pradesh),http://loksabhaph.nic.in/Members/MemberBioprofile.aspx?mpsno=4917
297,298,"Pandey, ShriRitesh",Bahujan Samaj Party,Ambedkar Nagar (Uttar Pradesh),http://loksabhaph.nic.in/Members/MemberBioprofile.aspx?mpsno=5132
298,299,"Pandey, Shri Santosh",Bharatiya Janata Party,Rajnandgaon (Chhattisgarh),http://loksabhaph.nic.in/Members/MemberBioprofile.aspx?mpsno=5015
299,300,"Paras, Shri Pashupati Kumar",Lok Jan Shakti Party,Hajipur (SC)(Bihar),http://loksabhaph.nic.in/Members/MemberBioprofile.aspx?mpsno=5212
300,301,"Parkash, Shri Som",Bharatiya Janata Party,Hoshiarpur (SC)(Punjab),http://loksabhaph.nic.in/Members/MemberBioprofile.aspx?mpsno=5166
301,302,"Parthiban, Shri S.R.",Dravida Munnetra Kazhagam,Salem (Tamil Nadu),http://loksabhaph.nic.in/Members/MemberBioprofile.aspx?mpsno=4976
302,303,"Pasunoori, Shri Dayakar",Telangana Rashtra Samithi,Warangal (SC)(Telangana),http://loksabhaph.nic.in/Members/MemberBioprofile.aspx?mpsno=4935
303,304,"Paswan, Shri Chhedi",Bharatiya Janata Party,Sasaram (SC)(Bihar),http://loksabhaph.nic.in/Members/MemberBioprofile.aspx?mpsno=3361
304,305,"Paswan, Shri Chirag",Lok Jan Shakti Party,Jamui (SC)(Bihar),http://loksabhaph.nic.in/Members/MemberBioprofile.aspx?mpsno=4777
305,306,"Paswan, Shri Kamlesh ",Bharatiya Janata Party,Bansgaon (SC)(Uttar Pradesh),http://loksabhaph.nic.in/Members/MemberBioprofile.aspx?mpsno=4303
306,307,"Patel, Smt. Anupriya",Apna Dal (Soneylal),Mirzapur (Uttar Pradesh),http://loksabhaph.nic.in/Members/MemberBioprofile.aspx?mpsno=4662
307,308,"Patel, Shri Devji Mansingram",Bharatiya Janata Party,Jalore (Rajasthan),http://loksabhaph.nic.in/Members/MemberBioprofile.aspx?mpsno=4411
308,309,"Patel, Shri Gajendra Singh",Bharatiya Janata Party,Khargone (ST)(Madhya Pradesh),http://loksabhaph.nic.in/Members/MemberBioprofile.aspx?mpsno=5067
309,310,"Patel, Shri Hasmukhbhai Somabhai",Bharatiya Janata Party,Ahmedabad East (Gujarat),http://loksabhaph.nic.in/Members/MemberBioprofile.aspx?mpsno=5017
310,311,"Patel, Dr. K. C.",Bharatiya Janata Party,Valsad (ST)(Gujarat),http://loksabhaph.nic.in/Members/MemberBioprofile.aspx?mpsno=4818
311,312,"Patel, Smt.Keshari Devi",Bharatiya Janata Party,Phulpur (Uttar Pradesh),http://loksabhaph.nic.in/Members/MemberBioprofile.aspx?mpsno=5157
312,313,"Patel, Shri Lalubhai Babubhai",Bharatiya Janata Party,Daman and Diu (ST)(Dadra and Nagar Haveli and Daman and Diu),http://loksabhaph.nic.in/Members/MemberBioprofile.aspx?mpsno=4364
313,314,"Patel, Shri Mitesh Rameshbhai",Bharatiya Janata Party,Anand (Gujarat),http://loksabhaph.nic.in/Members/MemberBioprofile.aspx?mpsno=5018
314,315,"Patel, Shri Parbatbhai Savabhai",Bharatiya Janata Party,Banaskantha (Gujarat),http://loksabhaph.nic.in/Members/MemberBioprofile.aspx?mpsno=5019
315,316,"Patel, Shri Prahlad Singh",Bharatiya Janata Party,Damoh (Madhya Pradesh),http://loksabhaph.nic.in/Members/MemberBioprofile.aspx?mpsno=306
316,317,"Patel, Shri R.K. Singh",Bharatiya Janata Party,Banda (Uttar Pradesh),http://loksabhaph.nic.in/Members/MemberBioprofile.aspx?mpsno=4331
317,318,"Patel, Smt. Sharda Anilkumar",Bharatiya Janata Party,Mahesana (Gujarat),http://loksabhaph.nic.in/Members/MemberBioprofile.aspx?mpsno=5022
318,319,"Pathak, Smt. Riti",Bharatiya Janata Party,Sidhi (Madhya Pradesh),http://loksabhaph.nic.in/Members/MemberBioprofile.aspx?mpsno=4711
319,320,"Pathak, ShriSubrat",Bharatiya Janata Party,Kannauj (Uttar Pradesh),http://loksabhaph.nic.in/Members/MemberBioprofile.aspx?mpsno=5150
320,321,"Patil, Shri Bheemrao Baswanthrao",Telangana Rashtra Samithi,Zahirabad (Telangana),http://loksabhaph.nic.in/Members/MemberBioprofile.aspx?mpsno=4756
321,322,"Patil, Shri C. R.",Bharatiya Janata Party,Navsari (Gujarat),http://loksabhaph.nic.in/Members/MemberBioprofile.aspx?mpsno=4452
322,323,"Patil, Shri Gyaneshwar",Bharatiya Janata Party,Khandwa (Madhya Pradesh),http://loksabhaph.nic.in/Members/MemberBioprofile.aspx?mpsno=5535
323,324,"Patil, Shri Hemant Shriram",Shiv Sena,Hingoli (Maharashtra),http://loksabhaph.nic.in/Members/MemberBioprofile.aspx?mpsno=5184
324,325,"Patil, Shri Kapil Moreshwar",Bharatiya Janata Party,Bhiwandi (Maharashtra),http://loksabhaph.nic.in/Members/MemberBioprofile.aspx?mpsno=4658
325,326,"Patil, Shri Sanjay(Kaka) Ramchandra",Bharatiya Janata Party,Sangli (Maharashtra),http://loksabhaph.nic.in/Members/MemberBioprofile.aspx?mpsno=4680
326,327,"Patil, Shri Shriniwas Dadasaheb",Nationalist Congress Party,Satara (Maharashtra),http://loksabhaph.nic.in/Members/MemberBioprofile.aspx?mpsno=322
327,328,"Patil, Shri Unmesh Bhaiyyasaheb",Bharatiya Janata Party,Jalgaon (Maharashtra),http://loksabhaph.nic.in/Members/MemberBioprofile.aspx?mpsno=5186
328,329,"Pawar, Dr. Bharati Pravin",Bharatiya Janata Party,Dindori (ST)(Maharashtra),http://loksabhaph.nic.in/Members/MemberBioprofile.aspx?mpsno=5201
329,330,"Pfoze, Dr. Lorho S.",Naga Peoples Front,Outer Manipur (ST)(Manipur),http://loksabhaph.nic.in/Members/MemberBioprofile.aspx?mpsno=5001
330,331,"Poddar, Smt. Aparupa ",All India Trinamool Congress,Arambagh (SC)(West Bengal),http://loksabhaph.nic.in/Members/MemberBioprofile.aspx?mpsno=4844
331,332,"Pon, Dr. Gautham Sigamani",Dravida Munnetra Kazhagam,Kallakurichi (Tamil Nadu),http://loksabhaph.nic.in/Members/MemberBioprofile.aspx?mpsno=4975
332,333,"Pothuganti, Shri Ramulu",Telangana Rashtra Samithi,Nagarkurnool (SC)(Telangana),http://loksabhaph.nic.in/Members/MemberBioprofile.aspx?mpsno=5080
333,334,"Prakash, Adv. Adoor",Indian National Congress,Attingal (Kerala),http://loksabhaph.nic.in/Members/MemberBioprofile.aspx?mpsno=5123
334,335,"Pramanik, Shri Nisith",Bharatiya Janata Party,Coochbehar (SC)(West Bengal),http://loksabhaph.nic.in/Members/MemberBioprofile.aspx?mpsno=5041
335,336,"Prasad, Shri Chandeshwar",Janata Dal (United),Jahanabad (Bihar),http://loksabhaph.nic.in/Members/MemberBioprofile.aspx?mpsno=5213
336,337,"Prasad, Shri Ravi Shankar",Bharatiya Janata Party,Patna Sahib (Bihar),http://loksabhaph.nic.in/Members/MemberBioprofile.aspx?mpsno=5219
337,338,"Prasad, Shri V. Sreenivasa",Bharatiya Janata Party,Chamrajanagar (SC)(Karnataka),http://loksabhaph.nic.in/Members/MemberBioprofile.aspx?mpsno=336
338,339,"Pratap Chandra Sarangi, Shri ",Bharatiya Janata Party,Balasore (Odisha),http://loksabhaph.nic.in/Members/MemberBioprofile.aspx?mpsno=4985
339,340,"Prathapan, Shri T.N.",Indian National Congress,Thrissur (Kerala),http://loksabhaph.nic.in/Members/MemberBioprofile.aspx?mpsno=5129
340,341,"Premachandran, Shri N.K.",Revolutionary Socialist Party,Kollam (Kerala),http://loksabhaph.nic.in/Members/MemberBioprofile.aspx?mpsno=3754
341,342,"Prince Raj, Shri ",Lok Jan Shakti Party,Samastipur (SC)(Bihar),http://loksabhaph.nic.in/Members/MemberBioprofile.aspx?mpsno=5529
342,343,"Pujari, Shri Suresh Kumar",Bharatiya Janata Party,Bargarh (Odisha),http://loksabhaph.nic.in/Members/MemberBioprofile.aspx?mpsno=4986
343,344,"Raghavan, Shri M. K.",Indian National Congress,Kozhikode (Kerala),http://loksabhaph.nic.in/Members/MemberBioprofile.aspx?mpsno=4560
344,345,"Raghavendra, Shri B. Y.",Bharatiya Janata Party,Shimoga (Karnataka),http://loksabhaph.nic.in/Members/MemberBioprofile.aspx?mpsno=4570
345,346,"Rahaman, ShriKhalilur",All India Trinamool Congress,Jangipur (West Bengal),http://loksabhaph.nic.in/Members/MemberBioprofile.aspx?mpsno=5046
346,347,"Rai, Shri Nityanand",Bharatiya Janata Party,Ujiarpur (Bihar),http://loksabhaph.nic.in/Members/MemberBioprofile.aspx?mpsno=4625
347,348,"Rajenimbalkar, Shri Omprakash Bhupalsingh alias Pavan",Shiv Sena,Osmanabad (Maharashtra),http://loksabhaph.nic.in/Members/MemberBioprofile.aspx?mpsno=5189
348,349,"Rajkumar, Dr. Ranjan Singh",Bharatiya Janata Party,Inner Manipur (Manipur),http://loksabhaph.nic.in/Members/MemberBioprofile.aspx?mpsno=5000
349,350,"Rajoria, Dr. Manoj",Bharatiya Janata Party,Karauli-Dholpur (SC)(Rajasthan),http://loksabhaph.nic.in/Members/MemberBioprofile.aspx?mpsno=4667
350,351,"Rajput, Shri Mukesh",Bharatiya Janata Party,Farrukhabad (Uttar Pradesh),http://loksabhaph.nic.in/Members/MemberBioprofile.aspx?mpsno=4666
351,352,"Ram, Shri Vishnu Dayal",Bharatiya Janata Party,Palamu (SC)(Jharkhand),http://loksabhaph.nic.in/Members/MemberBioprofile.aspx?mpsno=4731
352,353,"Ram Mohan Naidu, Shri Kinjarapu",Telugu Desam Party,Srikakulam (Andhra Pradesh),http://loksabhaph.nic.in/Members/MemberBioprofile.aspx?mpsno=4771
353,354,"Ramalingam, Shri Sellaperumal",Dravida Munnetra Kazhagam,Mayiladuthurai (Tamil Nadu),http://loksabhaph.nic.in/Members/MemberBioprofile.aspx?mpsno=4974
354,355,"Ramesh, Shri T.R.V.S.",Dravida Munnetra Kazhagam,Cuddalore (Tamil Nadu),http://loksabhaph.nic.in/Members/MemberBioprofile.aspx?mpsno=4970
355,356,"Rana, Smt Navneet Ravi",Independent,Amravati (SC)(Maharashtra),http://loksabhaph.nic.in/Members/MemberBioprofile.aspx?mpsno=5191
356,357,"Rangaiah, Dr. Talari",Yuvajana Sramika Rythu Congress Party,Anantapur (Andhra Pradesh),http://loksabhaph.nic.in/Members/MemberBioprofile.aspx?mpsno=5087
357,358,"Rao, Shri Nama Nageswara",Telangana Rashtra Samithi,Khammam (Telangana),http://loksabhaph.nic.in/Members/MemberBioprofile.aspx?mpsno=4323
358,359,"Rao, Shri Soyam Bapu",Bharatiya Janata Party,Adilabad (ST)(Telangana),http://loksabhaph.nic.in/Members/MemberBioprofile.aspx?mpsno=5073
359,360,Rao Inderjit Singh,Bharatiya Janata Party,Gurgaon (Haryana),http://loksabhaph.nic.in/Members/MemberBioprofile.aspx?mpsno=3904
360,361,"Rathod, Shri Dipsinh Shankarsinh",Bharatiya Janata Party,Sabarkantha (Gujarat),http://loksabhaph.nic.in/Members/MemberBioprofile.aspx?mpsno=4691
361,362,"Rathod, Shri Ratansinh Magansinh",Bharatiya Janata Party,Panchmahal (Gujarat),http://loksabhaph.nic.in/Members/MemberBioprofile.aspx?mpsno=5023
362,363,"Rathore, Col. Rajyavardhan Singh",Bharatiya Janata Party,Jaipur Rural (Rajasthan),http://loksabhaph.nic.in/Members/MemberBioprofile.aspx?mpsno=4782
363,364,"Rathva, Smt. Gitaben Vajesingbhai",Bharatiya Janata Party,Chhota Udaipur (ST)(Gujarat),http://loksabhaph.nic.in/Members/MemberBioprofile.aspx?mpsno=5020
364,365,"Raut, Shri Vinayak Bhaurao",Shiv Sena,Ratnagiri-Sindhudurg (Maharashtra),http://loksabhaph.nic.in/Members/MemberBioprofile.aspx?mpsno=4765
365,366,"Ravikumar, Dr. D.",Dravida Munnetra Kazhagam,Viluppuram (SC)(Tamil Nadu),http://loksabhaph.nic.in/Members/MemberBioprofile.aspx?mpsno=4972
366,367,"Ravindhranath, Shri P.",All India Anna Dravida Munnetra Kazhagam,Theni (Tamil Nadu),http://loksabhaph.nic.in/Members/MemberBioprofile.aspx?mpsno=4964
367,368,"Rawat, Shri Ashok Kumar",Bharatiya Janata Party,Misrikh (SC)(Uttar Pradesh),http://loksabhaph.nic.in/Members/MemberBioprofile.aspx?mpsno=4096
368,369,"Rawat, Shri Tirath Singh",Bharatiya Janata Party,Garhwal (Uttarakhand),http://loksabhaph.nic.in/Members/MemberBioprofile.aspx?mpsno=5002
369,370,"Rawat, ShriUpendra Singh",Bharatiya Janata Party,Barabanki (SC)(Uttar Pradesh),http://loksabhaph.nic.in/Members/MemberBioprofile.aspx?mpsno=5137
370,371,"Ray, Smt. Sandhya",Bharatiya Janata Party,Bhind (SC)(Madhya Pradesh),http://loksabhaph.nic.in/Members/MemberBioprofile.aspx?mpsno=5058
371,372,"Ray, Prof. Sougata",All India Trinamool Congress,Dum Dum (West Bengal),http://loksabhaph.nic.in/Members/MemberBioprofile.aspx?mpsno=2554
372,373,"Reddy, Shri Adala Prabhakara",Yuvajana Sramika Rythu Congress Party,Nellore (Andhra Pradesh),http://loksabhaph.nic.in/Members/MemberBioprofile.aspx?mpsno=5100
373,374,"Reddy, Shri Anumula Revanth",Indian National Congress,Malkajgiri (Telangana),http://loksabhaph.nic.in/Members/MemberBioprofile.aspx?mpsno=5079
374,375,"Reddy, Dr.Gaddam Ranjith",Telangana Rashtra Samithi,Chevella (Telangana),http://loksabhaph.nic.in/Members/MemberBioprofile.aspx?mpsno=5075
375,376,"Reddy, ShriKomati Reddy Venkat",Indian National Congress,Bhongir (Telangana),http://loksabhaph.nic.in/Members/MemberBioprofile.aspx?mpsno=5074
376,377,"Reddy, Shri Kotha Prabhakar ",Telangana Rashtra Samithi,Medak (Telangana),http://loksabhaph.nic.in/Members/MemberBioprofile.aspx?mpsno=4926
377,378,"Reddy, Shri Magunta Sreenivasulu",Yuvajana Sramika Rythu Congress Party,Ongole (Andhra Pradesh),http://loksabhaph.nic.in/Members/MemberBioprofile.aspx?mpsno=3907
378,379,"Reddy, Shri P.V. Midhun",Yuvajana Sramika Rythu Congress Party,Rajampet (Andhra Pradesh),http://loksabhaph.nic.in/Members/MemberBioprofile.aspx?mpsno=4688
379,380,"Reddy, Shri Pocha Brahmananda",Yuvajana Sramika Rythu Congress Party,Nandyal (Andhra Pradesh),http://loksabhaph.nic.in/Members/MemberBioprofile.aspx?mpsno=5095
380,381,"Reddy, ShriUttam Kumar Nalamada",Indian National Congress,Nalgonda (Telangana),http://loksabhaph.nic.in/Members/MemberBioprofile.aspx?mpsno=5081
381,382,"Reddy, Shri Y. S. Avinash",Yuvajana Sramika Rythu Congress Party,kadapa (Andhra Pradesh),http://loksabhaph.nic.in/Members/MemberBioprofile.aspx?mpsno=4816
382,383,"Rehman, Shri Haji Fazlur",Bahujan Samaj Party,Saharanpur (Uttar Pradesh),http://loksabhaph.nic.in/Members/MemberBioprofile.aspx?mpsno=5161
383,384,"Revanna, Shri Prajwal",Janata Dal (Secular),Hassan (Karnataka),http://loksabhaph.nic.in/Members/MemberBioprofile.aspx?mpsno=5183
384,385,"Rijiju, Shri Kiren",Bharatiya Janata Party,Arunachal West (Arunachal Pradesh),http://loksabhaph.nic.in/Members/MemberBioprofile.aspx?mpsno=3972
385,386,"Roy, Dr.Jayanta Kumar",Bharatiya Janata Party,Jalpaiguri (SC)(West Bengal),http://loksabhaph.nic.in/Members/MemberBioprofile.aspx?mpsno=5045
386,387,"Roy, Smt.Mala",All India Trinamool Congress,Kolkata Dakshin (West Bengal),http://loksabhaph.nic.in/Members/MemberBioprofile.aspx?mpsno=5048
387,388,"Roy, Dr. Rajdeep",Bharatiya Janata Party,Silchar (Assam),http://loksabhaph.nic.in/Members/MemberBioprofile.aspx?mpsno=5109
388,389,"Roy (Banerjee), Smt. Satabdi",All India Trinamool Congress,Birbhum (West Bengal),http://loksabhaph.nic.in/Members/MemberBioprofile.aspx?mpsno=4506
389,390,"Rudy, Shri Rajiv Pratap",Bharatiya Janata Party,Saran (Bihar),http://loksabhaph.nic.in/Members/MemberBioprofile.aspx?mpsno=385
390,391,"Ruhi, MS. Nusrat Jahan",All India Trinamool Congress,Basirhat (West Bengal),http://loksabhaph.nic.in/Members/MemberBioprofile.aspx?mpsno=5039
391,392,"Sadique,Mohammad",Indian National Congress,Faridkot (SC)(Punjab),http://loksabhaph.nic.in/Members/MemberBioprofile.aspx?mpsno=5168
392,393,"Sagar, ShriArun Kumar",Bharatiya Janata Party,Shahjahanpur (SC)(Uttar Pradesh),http://loksabhaph.nic.in/Members/MemberBioprofile.aspx?mpsno=5163
393,394,"Sahoo, Shri Mahesh",Biju Janata Dal,Dhenkanal (Odisha),http://loksabhaph.nic.in/Members/MemberBioprofile.aspx?mpsno=4989
394,395,"Sahu, Shri Chandra Sekhar",Biju Janata Dal,Berhampur (Odisha),http://loksabhaph.nic.in/Members/MemberBioprofile.aspx?mpsno=4056
395,396,"Sahu, Shri Chunni Lal",Bharatiya Janata Party,Mahasamund (Chhattisgarh),http://loksabhaph.nic.in/Members/MemberBioprofile.aspx?mpsno=5012
396,397,"Sai, Smt. Gomati",Bharatiya Janata Party,Raigarh (ST)(Chhattisgarh),http://loksabhaph.nic.in/Members/MemberBioprofile.aspx?mpsno=5013
397,398,"Samadani, Dr. M. P. Abdussamad",Indian Union Muslim League,Malappuram (Kerala),http://loksabhaph.nic.in/Members/MemberBioprofile.aspx?mpsno=5532
398,399,"Samanta, Shri Achyutananda",Biju Janata Dal,Kandhamal (Odisha),http://loksabhaph.nic.in/Members/MemberBioprofile.aspx?mpsno=4993
399,400,"Sangma, Smt. Agatha K.",National People's Party,Tura (ST)(Meghalaya),http://loksabhaph.nic.in/Members/MemberBioprofile.aspx?mpsno=4251
400,401,"Sao, Shri Arun",Bharatiya Janata Party,Bilaspur (Chhattisgarh),http://loksabhaph.nic.in/Members/MemberBioprofile.aspx?mpsno=5009
401,402,"Sarangi, Smt. Aparajita",Bharatiya Janata Party,Bhubaneswar (Odisha),http://loksabhaph.nic.in/Members/MemberBioprofile.aspx?mpsno=4988
402,403,"Sarania, Shri Naba (Hira) Kumar",Independent,Kokrajhar (ST)(Assam),http://loksabhaph.nic.in/Members/MemberBioprofile.aspx?mpsno=4774
403,404,"Saraswati, Shri Sumedhanand",Bharatiya Janata Party,Sikar (Rajasthan),http://loksabhaph.nic.in/Members/MemberBioprofile.aspx?mpsno=4709
404,405,"Sardinha, Shri Francisco Cosme",Indian National Congress,South Goa (Goa),http://loksabhaph.nic.in/Members/MemberBioprofile.aspx?mpsno=3914
405,406,"Sarkar, ShriJagannath",Bharatiya Janata Party,Ranaghat (SC)(West Bengal),http://loksabhaph.nic.in/Members/MemberBioprofile.aspx?mpsno=5055
406,407,"Sarkar, Dr.Subhas",Bharatiya Janata Party,Bankura (West Bengal),http://loksabhaph.nic.in/Members/MemberBioprofile.aspx?mpsno=5037
407,408,"Satyanarayana, Shri M V V",Yuvajana Sramika Rythu Congress Party,Visakhapatnam (Andhra Pradesh),http://loksabhaph.nic.in/Members/MemberBioprofile.aspx?mpsno=5099
408,409,"Saumitra, Shri Khan",Bharatiya Janata Party,Bishnupur (SC)(West Bengal),http://loksabhaph.nic.in/Members/MemberBioprofile.aspx?mpsno=4875
409,410,"Sawant, Shri Arvind Ganpat",Shiv Sena,Mumbai-South (Maharashtra),http://loksabhaph.nic.in/Members/MemberBioprofile.aspx?mpsno=4713
410,411,"Selvam, Shri Ganesan",Dravida Munnetra Kazhagam,Kancheepuram (SC)(Tamil Nadu),http://loksabhaph.nic.in/Members/MemberBioprofile.aspx?mpsno=4963
411,412,"Selvaraj, Shri Muniyan",Communist Party of India,Nagapattinam (SC)(Tamil Nadu),http://loksabhaph.nic.in/Members/MemberBioprofile.aspx?mpsno=3409
412,413,"Sen, Dr.Jadon Chandra",Bharatiya Janata Party,Firozabad (Uttar Pradesh),http://loksabhaph.nic.in/Members/MemberBioprofile.aspx?mpsno=5225
413,414,"Seth, Shri Sanjay",Bharatiya Janata Party,Ranchi (Jharkhand),http://loksabhaph.nic.in/Members/MemberBioprofile.aspx?mpsno=5117
414,415,"Sethi, Smt. Sarmistha Kumari",Biju Janata Dal,Jajpur (SC)(Odisha),http://loksabhaph.nic.in/Members/MemberBioprofile.aspx?mpsno=4991
415,416,"Shah, Shri Amit Anil Chandra",Bharatiya Janata Party,Gandhinagar (Gujarat),http://loksabhaph.nic.in/Members/MemberBioprofile.aspx?mpsno=5021
416,417,"Shah, Smt. Mala Rajya Laxmi",Bharatiya Janata Party,Tehri Garhwal (Uttarakhand),http://loksabhaph.nic.in/Members/MemberBioprofile.aspx?mpsno=4582
417,418,"Sharma, ShriAnurag",Bharatiya Janata Party,Jhansi (Uttar Pradesh),http://loksabhaph.nic.in/Members/MemberBioprofile.aspx?mpsno=5148
418,419,"Sharma, Dr. Arvind Kumar",Bharatiya Janata Party,Rohtak (Haryana),http://loksabhaph.nic.in/Members/MemberBioprofile.aspx?mpsno=3785
419,420,"Sharma, Shri Jugal Kishore",Bharatiya Janata Party,Jammu (Jammu and Kashmir),http://loksabhaph.nic.in/Members/MemberBioprofile.aspx?mpsno=4720
420,421,"Sharma, Shri Kuldeep Rai",Indian National Congress,Andaman and Nicobar Islands (Andaman and Nicobar Islands),http://loksabhaph.nic.in/Members/MemberBioprofile.aspx?mpsno=5119
421,422,"Sharma, Dr. Mahesh",Bharatiya Janata Party,Gautam Buddha Nagar (Uttar Pradesh),http://loksabhaph.nic.in/Members/MemberBioprofile.aspx?mpsno=4642
422,423,"Sharma, Shri Vishnu Datt",Bharatiya Janata Party,Khajuraho (Madhya Pradesh),http://loksabhaph.nic.in/Members/MemberBioprofile.aspx?mpsno=5066
423,424,"Shejwalkar, Shri Vivek Narayan",Bharatiya Janata Party,Gwalior (Madhya Pradesh),http://loksabhaph.nic.in/Members/MemberBioprofile.aspx?mpsno=5064
424,425,"Shekhawat, Shri Gajendra Singh",Bharatiya Janata Party,Jodhpur (Rajasthan),http://loksabhaph.nic.in/Members/MemberBioprofile.aspx?mpsno=4670
425,426,"Shetty, Shri Gopal Chinayya",Bharatiya Janata Party,Mumbai-North (Maharashtra),http://loksabhaph.nic.in/Members/MemberBioprofile.aspx?mpsno=4661
426,427,"Shewale, Shri Rahul Ramesh ",Shiv Sena,Mumbai South-Central (Maharashtra),http://loksabhaph.nic.in/Members/MemberBioprofile.aspx?mpsno=4903
427,428,"Shinde, Dr. Shrikant Eknath",Shiv Sena,Kalyan (Maharashtra),http://loksabhaph.nic.in/Members/MemberBioprofile.aspx?mpsno=4659
428,429,"Shiyal, Dr. Bharatiben Dhirubhai",Bharatiya Janata Party,Bhavnagar (Gujarat),http://loksabhaph.nic.in/Members/MemberBioprofile.aspx?mpsno=4693
429,430,"Shrangare, Shri Sudhakar Tukaram",Bharatiya Janata Party,Latur (SC)(Maharashtra),http://loksabhaph.nic.in/Members/MemberBioprofile.aspx?mpsno=5195
430,431,"Shukla, ShriRavi Kishan",Bharatiya Janata Party,Gorakhpur (Uttar Pradesh),http://loksabhaph.nic.in/Members/MemberBioprofile.aspx?mpsno=5144
431,432,"Siddeshwara, Shri Gowdar Mallikarjunappa",Bharatiya Janata Party,Davanagere (Karnataka),http://loksabhaph.nic.in/Members/MemberBioprofile.aspx?mpsno=3977
432,433,"Sigriwal, Shri Janardan Singh",Bharatiya Janata Party,Maharajganj (Bihar),http://loksabhaph.nic.in/Members/MemberBioprofile.aspx?mpsno=4638
433,434,"Simha, Shri Prathap",Bharatiya Janata Party,Mysore (Karnataka),http://loksabhaph.nic.in/Members/MemberBioprofile.aspx?mpsno=4708
434,435,"Singari, Dr. Sanjeev Kumar",Yuvajana Sramika Rythu Congress Party,Kurnool (Andhra Pradesh),http://loksabhaph.nic.in/Members/MemberBioprofile.aspx?mpsno=5094
435,436,"Singh, Dr. Amar",Indian National Congress,Fatehgarh Sahib (SC)(Punjab),http://loksabhaph.nic.in/Members/MemberBioprofile.aspx?mpsno=5169
436,437,"Singh, ShriArjun",Bharatiya Janata Party,Barrackpur (West Bengal),http://loksabhaph.nic.in/Members/MemberBioprofile.aspx?mpsno=5038
437,438,"Singh, ShriAtul Kumar",Bahujan Samaj Party,Ghosi (Uttar Pradesh),http://loksabhaph.nic.in/Members/MemberBioprofile.aspx?mpsno=5143
438,439,"Singh, Shri Bhola",Bharatiya Janata Party,Bulandshahr (SC)(Uttar Pradesh),http://loksabhaph.nic.in/Members/MemberBioprofile.aspx?mpsno=4605
439,440,"Singh, Shri Brijbhushan Sharan",Bharatiya Janata Party,Kaiserganj (Uttar Pradesh),http://loksabhaph.nic.in/Members/MemberBioprofile.aspx?mpsno=438
440,441,"Singh, Shri Brijendra",Bharatiya Janata Party,Hisar (Haryana),http://loksabhaph.nic.in/Members/MemberBioprofile.aspx?mpsno=5028
441,442,"Singh, ShriChandan",Lok Jan Shakti Party,Nawada (Bihar),http://loksabhaph.nic.in/Members/MemberBioprofile.aspx?mpsno=5218
442,443,"Singh, Shri Devendra (Alias) Bhole Singh",Bharatiya Janata Party,Akbarpur (Uttar Pradesh),http://loksabhaph.nic.in/Members/MemberBioprofile.aspx?mpsno=4664
443,444,"Singh, Shri Dushyant",Bharatiya Janata Party,Jhalawar-Baran (Rajasthan),http://loksabhaph.nic.in/Members/MemberBioprofile.aspx?mpsno=4005
444,445,"Singh, Shri Ganesh",Bharatiya Janata Party,Satna (Madhya Pradesh),http://loksabhaph.nic.in/Members/MemberBioprofile.aspx?mpsno=3986
445,446,"Singh, Shri Giriraj",Bharatiya Janata Party,Begusarai (Bihar),http://loksabhaph.nic.in/Members/MemberBioprofile.aspx?mpsno=4641
446,447,"Singh, Smt. Himadri",Bharatiya Janata Party,Shahdol (ST)(Madhya Pradesh),http://loksabhaph.nic.in/Members/MemberBioprofile.aspx?mpsno=5070
447,448,"Singh, Dr. Jitendra",Bharatiya Janata Party,Udhampur (Jammu and Kashmir),http://loksabhaph.nic.in/Members/MemberBioprofile.aspx?mpsno=4718
448,449,"Singh, Smt. Kavita",Janata Dal (United),Siwan (Bihar),http://loksabhaph.nic.in/Members/MemberBioprofile.aspx?mpsno=5221
449,450,"Singh, Shri Kirti Vardhan",Bharatiya Janata Party,Gonda (Uttar Pradesh),http://loksabhaph.nic.in/Members/MemberBioprofile.aspx?mpsno=3926
450,451,"Singh, Shri Lallu",Bharatiya Janata Party,Faizabad (Uttar Pradesh),http://loksabhaph.nic.in/Members/MemberBioprofile.aspx?mpsno=4752
451,452,"Singh, Shri Mahabali",Janata Dal (United),Karakat (Bihar),http://loksabhaph.nic.in/Members/MemberBioprofile.aspx?mpsno=4472
452,453,"Singh, Shri Nayab",Bharatiya Janata Party,Kurukshetra (Haryana),http://loksabhaph.nic.in/Members/MemberBioprofile.aspx?mpsno=5030
453,454,"Singh, Shri Parvesh Sahib",Bharatiya Janata Party,West Delhi (NCT of Delhi),http://loksabhaph.nic.in/Members/MemberBioprofile.aspx?mpsno=4758
454,455,"Singh, Shri Pashupati Nath",Bharatiya Janata Party,Dhanbad (Jharkhand),http://loksabhaph.nic.in/Members/MemberBioprofile.aspx?mpsno=4326
455,456,"Singh, Shri Pradeep Kumar",Bharatiya Janata Party,Araria (Bihar),http://loksabhaph.nic.in/Members/MemberBioprofile.aspx?mpsno=4459
456,457,"Singh, Smt. Pratibha",Indian National Congress,Mandi (Himachal Pradesh),http://loksabhaph.nic.in/Members/MemberBioprofile.aspx?mpsno=4044
457,458,"Singh, Shri Radha Mohan",Bharatiya Janata Party,Purvi Champaran (Bihar),http://loksabhaph.nic.in/Members/MemberBioprofile.aspx?mpsno=451
458,459,"Singh, Shri Raj Kumar",Bharatiya Janata Party,Arrah (Bihar),http://loksabhaph.nic.in/Members/MemberBioprofile.aspx?mpsno=4653
459,460,"Singh, Shri Raj Nath",Bharatiya Janata Party,Lucknow (Uttar Pradesh),http://loksabhaph.nic.in/Members/MemberBioprofile.aspx?mpsno=4268
460,461,"Singh, Shri Rajbahadur",Bharatiya Janata Party,Sagar (Madhya Pradesh),http://loksabhaph.nic.in/Members/MemberBioprofile.aspx?mpsno=5069
461,462,"Singh, Shri Rajiv Ranjan Alias Lalan Singh",Janata Dal (United),Munger (Bihar),http://loksabhaph.nic.in/Members/MemberBioprofile.aspx?mpsno=4134
462,463,"Singh, Shri Rajveer (Raju Bhaiya)",Bharatiya Janata Party,Etah (Uttar Pradesh),http://loksabhaph.nic.in/Members/MemberBioprofile.aspx?mpsno=4634
463,464,"Singh, Shri Rakesh",Bharatiya Janata Party,Jabalpur (Madhya Pradesh),http://loksabhaph.nic.in/Members/MemberBioprofile.aspx?mpsno=3987
464,465,"Singh, Shri Ravneet",Indian National Congress,Ludhiana (Punjab),http://loksabhaph.nic.in/Members/MemberBioprofile.aspx?mpsno=4429
465,466,"Singh, Smt. Renuka ",Bharatiya Janata Party,Surguja (ST)(Chhattisgarh),http://loksabhaph.nic.in/Members/MemberBioprofile.aspx?mpsno=5016
466,467,"Singh, Dr. Satya Pal",Bharatiya Janata Party,Baghpat (Uttar Pradesh),http://loksabhaph.nic.in/Members/MemberBioprofile.aspx?mpsno=4600
467,468,"Singh, Shri Sunil Kumar",Bharatiya Janata Party,Chatra (Jharkhand),http://loksabhaph.nic.in/Members/MemberBioprofile.aspx?mpsno=4750
468,469,"Singh, Shri Sushil Kumar",Bharatiya Janata Party,Aurangabad (Bihar),http://loksabhaph.nic.in/Members/MemberBioprofile.aspx?mpsno=3928
469,470,"Singh, Shri Uday Pratap",Bharatiya Janata Party,Hoshangabad (Madhya Pradesh),http://loksabhaph.nic.in/Members/MemberBioprofile.aspx?mpsno=4516
470,471,"Singh, Shri Virendra",Bharatiya Janata Party,Ballia (Uttar Pradesh),http://loksabhaph.nic.in/Members/MemberBioprofile.aspx?mpsno=3608
471,472,"Singh Deo, Smt. Sangeeta Kumari",Bharatiya Janata Party,Bolangir (Odisha),http://loksabhaph.nic.in/Members/MemberBioprofile.aspx?mpsno=426
472,473,"Sinha, Shri Jayant",Bharatiya Janata Party,Hazaribagh (Jharkhand),http://loksabhaph.nic.in/Members/MemberBioprofile.aspx?mpsno=4768
473,474,"Solanki, Dr. (Prof.) Kirit Premjibhai",Bharatiya Janata Party,Ahmedabad West (SC)(Gujarat),http://loksabhaph.nic.in/Members/MemberBioprofile.aspx?mpsno=4444
474,475,"Solanky, Shri Mahendra Singh",Bharatiya Janata Party,Dewas (SC)(Madhya Pradesh),http://loksabhaph.nic.in/Members/MemberBioprofile.aspx?mpsno=5061
475,476,"Soni, Shri Sunil Kumar",Bharatiya Janata Party,Raipur (Chhattisgarh),http://loksabhaph.nic.in/Members/MemberBioprofile.aspx?mpsno=5014
476,477,"Sonkar, Shri Vinod Kumar",Bharatiya Janata Party,Kaushambi (SC)(Uttar Pradesh),http://loksabhaph.nic.in/Members/MemberBioprofile.aspx?mpsno=4623
477,478,"Soren, Shri Sunil",Bharatiya Janata Party,Dumka (ST)(Jharkhand),http://loksabhaph.nic.in/Members/MemberBioprofile.aspx?mpsno=5114
478,479,"Sridhar, Shri Kotagiri",Yuvajana Sramika Rythu Congress Party,Eluru (Andhra Pradesh),http://loksabhaph.nic.in/Members/MemberBioprofile.aspx?mpsno=5091
479,480,"Subba, Shri Indra Hang",Sikkim Krantikari Morcha,Sikkim (Sikkim),http://loksabhaph.nic.in/Members/MemberBioprofile.aspx?mpsno=5111
480,481,"Subbarayan, Shri K.",Communist Party of India,Tiruppur (Tamil Nadu),http://loksabhaph.nic.in/Members/MemberBioprofile.aspx?mpsno=4086
481,482,"Sudhakaran, Shri Kumbakudi",Indian National Congress,Kannur (Kerala),http://loksabhaph.nic.in/Members/MemberBioprofile.aspx?mpsno=4558
482,483,"Sule, Smt. Supriya Sadanand",Nationalist Congress Party,Baramati (Maharashtra),http://loksabhaph.nic.in/Members/MemberBioprofile.aspx?mpsno=4392
483,484,"Suman, Dr. Alok Kumar",Janata Dal (United),Gopalganj (SC)(Bihar),http://loksabhaph.nic.in/Members/MemberBioprofile.aspx?mpsno=5211
484,485,"Sundaram, Shri K. Shanmuga ",Dravida Munnetra Kazhagam,Pollachi (Tamil Nadu),http://loksabhaph.nic.in/Members/MemberBioprofile.aspx?mpsno=4978
485,486,"Sunil Kumar Pintu, Shri ",Janata Dal (United),Sitamarhi (Bihar),http://loksabhaph.nic.in/Members/MemberBioprofile.aspx?mpsno=5220
486,487,"Suresh, Shri Doddalahalli Kempegowda",Indian National Congress,Bangalore Rural (Karnataka),http://loksabhaph.nic.in/Members/MemberBioprofile.aspx?mpsno=4585
487,488,"Suresh, Shri Nandigam",Yuvajana Sramika Rythu Congress Party,Bapatla (SC)(Andhra Pradesh),http://loksabhaph.nic.in/Members/MemberBioprofile.aspx?mpsno=5089
488,489,"Surya, Shri L.S. Tejasvi",Bharatiya Janata Party,Bangalore South (Karnataka),http://loksabhaph.nic.in/Members/MemberBioprofile.aspx?mpsno=5182
489,490,"Swami Maharaj,Dr. Sakshi Ji",Bharatiya Janata Party,Unnao (Uttar Pradesh),http://loksabhaph.nic.in/Members/MemberBioprofile.aspx?mpsno=3586
490,491,"Syed Imtiaz Jaleel, Shri ",All India Majlis-E-Ittehadul Muslimeen,Aurangabad (Maharashtra),http://loksabhaph.nic.in/Members/MemberBioprofile.aspx?mpsno=5200
491,492,"T. Sumathy (A) Thamizhachi Thangapandian, Dr.",Dravida Munnetra Kazhagam,Chennai South (Tamil Nadu),http://loksabhaph.nic.in/Members/MemberBioprofile.aspx?mpsno=4961
492,493,"Tadas, Shri Ramdas Chandrabhanji",Bharatiya Janata Party,Wardha (Maharashtra),http://loksabhaph.nic.in/Members/MemberBioprofile.aspx?mpsno=4911
493,494,"Tagore B., Shri Manickam",Indian National Congress,Virudhunagar (Tamil Nadu),http://loksabhaph.nic.in/Members/MemberBioprofile.aspx?mpsno=4552
494,495,"Tamta, Shri Ajay",Bharatiya Janata Party,Almora (SC)(Uttarakhand),http://loksabhaph.nic.in/Members/MemberBioprofile.aspx?mpsno=4651
495,496,"Tatkare, Shri Sunil Dattatray",Nationalist Congress Party,Raigad (Maharashtra),http://loksabhaph.nic.in/Members/MemberBioprofile.aspx?mpsno=5199
496,497,"Teli, Shri Rameswar",Bharatiya Janata Party,Dibrugarh (Assam),http://loksabhaph.nic.in/Members/MemberBioprofile.aspx?mpsno=4745
497,498,"Tewari, Shri Manish",Indian National Congress,Anandpur Sahib (Punjab),http://loksabhaph.nic.in/Members/MemberBioprofile.aspx?mpsno=4430
498,499,"Thakur, Shri Anurag Singh",Bharatiya Janata Party,Hamirpur (Himachal Pradesh),http://loksabhaph.nic.in/Members/MemberBioprofile.aspx?mpsno=4249
499,500,"Thakur, Sadhvi Pragya Singh",Bharatiya Janata Party,Bhopal (Madhya Pradesh),http://loksabhaph.nic.in/Members/MemberBioprofile.aspx?mpsno=5059
500,501,"Thakur, ShriShantanu",Bharatiya Janata Party,Bangaon (SC)(West Bengal),http://loksabhaph.nic.in/Members/MemberBioprofile.aspx?mpsno=5036
501,502,"Tharoor, Dr. Shashi",Indian National Congress,Thiruvananthapuram (Kerala),http://loksabhaph.nic.in/Members/MemberBioprofile.aspx?mpsno=4569
502,503,"Thirumaavalavan, Dr. Tholkappiyan",Viduthalai Chiruthaigal Katchi,Chidambaram (SC)(Tamil Nadu),http://loksabhaph.nic.in/Members/MemberBioprofile.aspx?mpsno=4549
503,504,"Thirunavukkarasar, Shri Su.",Indian National Congress,Tiruchirappalli (Tamil Nadu),http://loksabhaph.nic.in/Members/MemberBioprofile.aspx?mpsno=485
504,505,"Tiwari, Shri Manoj Kumar",Bharatiya Janata Party,North East Delhi (NCT of Delhi),http://loksabhaph.nic.in/Members/MemberBioprofile.aspx?mpsno=4606
505,506,"Tomar, Shri Narendra Singh",Bharatiya Janata Party,Morena (Madhya Pradesh),http://loksabhaph.nic.in/Members/MemberBioprofile.aspx?mpsno=4507
506,507,"Tripathi, Dr. Ramapati Ram",Bharatiya Janata Party,Deoria (Uttar Pradesh),http://loksabhaph.nic.in/Members/MemberBioprofile.aspx?mpsno=5140
507,508,"Tripura, ShriRebati",Bharatiya Janata Party,Tripura East (ST)(Tripura),http://loksabhaph.nic.in/Members/MemberBioprofile.aspx?mpsno=4982
508,509,"Tudu, Shri Bishweswar",Bharatiya Janata Party,Mayurbhanj (ST)(Odisha),http://loksabhaph.nic.in/Members/MemberBioprofile.aspx?mpsno=4997
509,510,"Tumane, Shri Krupal Balaji",Shiv Sena,Ramtek (SC)(Maharashtra),http://loksabhaph.nic.in/Members/MemberBioprofile.aspx?mpsno=4734
510,511,"Udasi, Shri Shivkumar Chanabasappa",Bharatiya Janata Party,Haveri (Karnataka),http://loksabhaph.nic.in/Members/MemberBioprofile.aspx?mpsno=4340
511,512,"Uikey, Shri Durga Das",Bharatiya Janata Party,Betul (ST)(Madhya Pradesh),http://loksabhaph.nic.in/Members/MemberBioprofile.aspx?mpsno=5057
512,513,"Ulaka, Shri Saptagiri Sankar",Indian National Congress,Koraput (ST)(Odisha),http://loksabhaph.nic.in/Members/MemberBioprofile.aspx?mpsno=4996
513,514,"Unnithan, Shri Rajmohan",Indian National Congress,Kasaragod (Kerala),http://loksabhaph.nic.in/Members/MemberBioprofile.aspx?mpsno=5127
514,515,"V.K. Sreekandan, Shri ",Indian National Congress,Palakkad (Kerala),http://loksabhaph.nic.in/Members/MemberBioprofile.aspx?mpsno=5128
515,516,"Vallabbhaneni, Shri Balashowry",Yuvajana Sramika Rythu Congress Party,Machilipatnam (Andhra Pradesh),http://loksabhaph.nic.in/Members/MemberBioprofile.aspx?mpsno=4021
516,517,"Vanga, Smt. Geetha Viswanath",Yuvajana Sramika Rythu Congress Party,Kakinada (Andhra Pradesh),http://loksabhaph.nic.in/Members/MemberBioprofile.aspx?mpsno=5093
517,518,"Vasava, Shri Mansukhbhai Dhanjibhai",Bharatiya Janata Party,Bharuch (Gujarat),http://loksabhaph.nic.in/Members/MemberBioprofile.aspx?mpsno=501
518,519,"Vasava, Shri Prabhubhai Nagarbhai",Bharatiya Janata Party,Bardoli (ST)(Gujarat),http://loksabhaph.nic.in/Members/MemberBioprofile.aspx?mpsno=4757
519,520,"Ve., ShriVaithilingam",Indian National Congress,Puducherry (Puducherry),http://loksabhaph.nic.in/Members/MemberBioprofile.aspx?mpsno=5120
520,521,"Velusamy, ShriP.",Dravida Munnetra Kazhagam,Dindigul (Tamil Nadu),http://loksabhaph.nic.in/Members/MemberBioprofile.aspx?mpsno=4977
521,522,"Venkatesan, Shri S.",Communist Party of India (Marxist),Madurai (Tamil Nadu),http://loksabhaph.nic.in/Members/MemberBioprofile.aspx?mpsno=4965
522,523,"Verma, Shri Bhanu Pratap Singh",Bharatiya Janata Party,Jalaun (SC)(Uttar Pradesh),http://loksabhaph.nic.in/Members/MemberBioprofile.aspx?mpsno=3824
523,524,"Verma, Shri Rajesh",Bharatiya Janata Party,Sitapur (Uttar Pradesh),http://loksabhaph.nic.in/Members/MemberBioprofile.aspx?mpsno=510
524,525,"Verma, Smt. Rekha Arun",Bharatiya Janata Party,Dhaurahra (Uttar Pradesh),http://loksabhaph.nic.in/Members/MemberBioprofile.aspx?mpsno=4918
525,526,"Verma, Shri Ram Shiromani ",Bahujan Samaj Party,Shrawasti (Uttar Pradesh),http://loksabhaph.nic.in/Members/MemberBioprofile.aspx?mpsno=5164
526,527,"Vichare, Shri Rajan Baburao ",Shiv Sena,Thane (Maharashtra),http://loksabhaph.nic.in/Members/MemberBioprofile.aspx?mpsno=4663
527,528,"Vijayakumar (Alias) Vijay Vasanth , Shri ",Indian National Congress,Kanniyakumari (Tamil Nadu),http://loksabhaph.nic.in/Members/MemberBioprofile.aspx?mpsno=5533
528,529,"Vikhepatil, Dr. Sujay Radhakrishna",Bharatiya Janata Party,Ahmednagar (Maharashtra),http://loksabhaph.nic.in/Members/MemberBioprofile.aspx?mpsno=5196
529,530,"Vishnu Prasad, Dr. M.K.",Indian National Congress,Arani (Tamil Nadu),http://loksabhaph.nic.in/Members/MemberBioprofile.aspx?mpsno=4971
530,531,"Y, Shri Devendrappa",Bharatiya Janata Party,Bellary (ST)(Karnataka),http://loksabhaph.nic.in/Members/MemberBioprofile.aspx?mpsno=5171
531,532,"Yadav, Shri Ashok Kumar",Bharatiya Janata Party,Madhubani (Bihar),http://loksabhaph.nic.in/Members/MemberBioprofile.aspx?mpsno=5217
532,533,"Yadav, Shri Dinesh Chandra",Janata Dal (United),Madhepura (Bihar),http://loksabhaph.nic.in/Members/MemberBioprofile.aspx?mpsno=527
533,534,"Yadav, Shri Giridhari",Janata Dal (United),Banka (Bihar),http://loksabhaph.nic.in/Members/MemberBioprofile.aspx?mpsno=3830
534,535,"Yadav, Dr. Krishnapal Singh",Bharatiya Janata Party,Guna (Madhya Pradesh),http://loksabhaph.nic.in/Members/MemberBioprofile.aspx?mpsno=5063
535,536,"Yadav, Shri Mulayam Singh",Samajwadi Party,Mainpuri (Uttar Pradesh),http://loksabhaph.nic.in/Members/MemberBioprofile.aspx?mpsno=530
536,537,"Yadav, Shri Ram Kripal",Bharatiya Janata Party,Pataliputra (Bihar),http://loksabhaph.nic.in/Members/MemberBioprofile.aspx?mpsno=3832
537,538,"Yadav, ShriShyam Singh",Bahujan Samaj Party,Jaunpur (Uttar Pradesh),http://loksabhaph.nic.in/Members/MemberBioprofile.aspx?mpsno=5147
538,539,"Yepthomi, Shri Tokheho",Nationalist Democratic Progressive Party,Nagaland (Nagaland),http://loksabhaph.nic.in/Members/MemberBioprofile.aspx?mpsno=4950
